VIAJES CUM LAUDE- S.L.,info@viajescumlaude.com
VIAJES CUSPIDE- S.L.,cuspide@avantours.es
VIAJES DAIMAR- S.L.,viajes_daimar@hotmail.com
VIAJES DALSOL- S.A.,dalsolfig@grupoeuropa.com
VIAJES DANITOURS,viajes@danitours.e.telefonica.net
VIAJES DAVIMAR TOURS- S.L.,info@davimar.com
VIAJES DAYMUN- S.L.,koral122@hotmail.com
VIAJES DE EMPRESA Y TURISMO EMPYTUR- S.A.,labraca@empytur.com
VIAJES DE PELICULA- S.L.,salva@viajesdepelicula.es
VIAJES DE PELICULA- S.L.,viajesdepelicula@viajesdepelicula.es
VIAJES DEL AGUILA,delaguila@grupoairmet.com
VIAJES DELGADO- S.L.,viajesdelgado2@grupoairmet.com
VIAJES DESTINIA.COM- S.L.,sabbadurm@yahoo.es
VIAJES DEZA- S.L.,deza_pontevedra@teleline.es
VIAJES DIANA- S.A.,vdiana@viajesdiana.com
VIAJES DIFRAN,rota@viajesdifran.es
VIAJES DIFRAN,jerez@viajesdifran.es
VIAJES DIFRAN- S.A.,viajesdifran@grupogea.com
VIAJES DIMENSIONES- S.L.,informacion@ebookers.com
VIAJES DISCOVERY- S.A.,carcija@telefonica.net
VIAJES DISEÑO TOURS- S.L.,diseno@grupostar.com
VIAJES DIVERSOL- S.L.,diversolviajes@e-savia.net
VIAJES DIVERTIS,oscar@viajesdivertis.com
VIAJES DOBLE C- S.L.,eva@viajesdoblec.es
VIAJES DODEL- S.L.,viajesdodel@e-savia.net
VIAJES DORA TENERIFE- S.L.,viajesdora@hotmail.com
VIAJES DORADO- S.L.L.,viajesdorado@terra.es
VIAJES DORASOL,dorasol@unida.com
VIAJES DOVA TOURS- S.L.,viajesdovatourslafelguera@hotmail.com
VIAJES DOVAL,info@doval.com
VIAJES DPM,info@viajesdpm.com
VIAJES DRAGO- S.A.,info@viajesdrago.com
VIAJES DUBLIN- S.A.,admin@viajesdublin.com
VIAJES DUENDE- S.A.,viajesduende@terra.es
VIAJES DUNA- S.L.,duna@viajesduna.com
VIAJES DUNA- S.L.,albacete@viajesduna.com
VIAJES E.S.F. OLIVER- S.A.,esf.oliver@dragonet.es
VIAJES EASO- S.L.,andres@viajeseaso.com
VIAJES ECO- S.A.,eco@viajeseco.com
VIAJES ECOMAR- S.A.,motril@viajesecomar.com
VIAJES ECOMAR- S.A.,mariajose@viajesecomar.com
VIAJES ECUADOR,santurtzi@viajesecuador.net
VIAJES ECUADOR,lleida@viajesecuador.net
VIAJES ECUADOR,vlcbaro@viajesecuador.net
VIAJES ECUADOR,mostoles@viajesecuador.net
VIAJES ECUADOR,toledop@viajesecuador.net
VIAJES ECUADOR,lafelguera@viajesecuador.net
VIAJES ECUADOR,bizkaiaempresas@viajesecuador.net
VIAJES ECUADOR,estella@viajesecuador.net
VIAJES ECUADOR,hernani@viajesecuador.net
VIAJES ECUADOR,zaragoza@viajesecuador.net
VIAJES ECUADOR- S.A.,oviedoc@viajesecuador.net
VIAJES ECUADOR- S.A.,castellon@viajesecuador.net
VIAJES ECUADOR- S.A.,perillo@viajesecuador.net
VIAJES ECUADOR- S.A.,pamplona@viajesecuador.net
VIAJES ECUADOR- S.A.,pamplonap@viajesecuador.net
VIAJES ECUADOR- S.A.,manresa@viajesecuador.net
VIAJES ECUADOR- S.A.,manises@viajesecuador.net
VIAJES ECUADOR- S.A.,malaga@viajesecuador.net
VIAJES ECUADOR- S.A.,mollerussa@viajesecuador.net
VIAJES ECUADOR- S.A.,doshermanas@viajesecuador.net
VIAJES ECUADOR- S.A.,monzon@viajesecuador.net
VIAJES ECUADOR- S.A.,mondragonk@viajesecuador.net
VIAJES ECUADOR- S.A.,medinapomar@viajesecuador.net
VIAJES ECUADOR- S.A.,mataro@viajesecuador.net
VIAJES ECUADOR- S.A.,laspalmasa@viajesecuador.net
VIAJES ECUADOR- S.A.,laspalmaspf@viajesecuador.net
VIAJES ECUADOR- S.A.,leioa@viajesecuador.net
VIAJES ECUADOR- S.A.,llodio@viajesecuador.net
VIAJES ECUADOR- S.A.,logronov@viajesecuador.net
VIAJES ECUADOR- S.A.,madbernardo@viajesecuador.net
VIAJES ECUADOR- S.A.,donostiaz@viajesecuador.net
VIAJES ECUADOR- S.A.,santapola@viajesecuador.net
VIAJES ECUADOR- S.A.,santiago@viajesecuador.net
VIAJES ECUADOR- S.A.,santacruz@viajesecuador.net
VIAJES ECUADOR- S.A.,silla@viajesecuador.net
VIAJES ECUADOR- S.A.,tarragonac@viajesecuador.net
VIAJES ECUADOR- S.A.,santodomingo@viajesecuador.net
VIAJES ECUADOR- S.A.,premia@viajesecuador.net
VIAJES ECUADOR- S.A.,puertorico@viajesecuador.net
VIAJES ECUADOR- S.A.,portugalete@viajesecuador.net
VIAJES ECUADOR- S.A.,renteria@viajesecuador.net
VIAJES ECUADOR- S.A.,donostia@viajesecuador.net
VIAJES ECUADOR- S.A.,torrelodones@viajesecuador.net
VIAJES ECUADOR- S.A.,torrevieja@viajesecuador.net
VIAJES ECUADOR- S.A.,trescantos@viajesecuador.net
VIAJES ECUADOR- S.A.,tolosa@viajesecuador.net
VIAJES ECUADOR- S.A.,toro@viajesecuador.net
VIAJES ECUADOR- S.A.,zamora@viajesecuador.net
VIAJES ECUADOR- S.A.,vitoria@viajesecuador.net
VIAJES ECUADOR- S.A.,villagarcia@viajesecuador.net
VIAJES ECUADOR- S.A.,vilanova@viajesecuador.net
VIAJES ECUADOR- S.A.,vigo@viajesecuador.net
VIAJES ECUADOR- S.A.,granadag@viajesecuador.net
VIAJES ECUADOR- S.A.,gernika@viajesecuador.net
VIAJES ECUADOR- S.A.,elgoibar@viajesecuador.net
VIAJES ECUADOR- S.A.,acorunaf@viajesecuador.net
VIAJES ECUADOR- S.A.,lagarriga@viajesecuador.net
VIAJES ECUADOR- S.A.,lasarenas@viajesecuador.net
VIAJES ECUADOR- S.A.,laspalmas@viajesecuador.net
VIAJES ECUADOR- S.A.,laredo@viajesecuador.net
VIAJES ECUADOR- S.A.,abascal@viajesecuador.net
VIAJES ECUADOR- S.A.,sarria@viajesecuador.net
VIAJES ECUADOR- S.A.,guadalajara@viajesecuador.net
VIAJES ECUADOR- S.A.,bilbaoh@viajesecuador.net
VIAJES ECUADOR- S.A.,bilbaogv@viajesecuador.net
VIAJES ECUADOR- S.A.,bilbaoam@viajesecuador.net
VIAJES ECUADOR- S.A.,bergara@viajesecuador.net
VIAJES ECUADOR- S.A.,blanes@viajesecuador.net
VIAJES ECUADOR- S.A.,bilbaoeg@viajesecuador.net
VIAJES ECUADOR- S.A.,binefar@viajesecuador.net
VIAJES ECUADOR- S.A.,burgos@viajesecuador.net
VIAJES ECUADOR- S.A.,benidorm@viajesecuador.net
VIAJES ECUADOR- S.A.,basauri@viajesecuador.net
VIAJES ECUADOR- S.A.,baiona@viajesecuador.net
VIAJES ECUADOR- S.A.,begues@viajesecuador.net
VIAJES ECUADOR- S.A.,barcelona@viajesecuador.net
VIAJES ECUADOR- S.A.,bcnbalmes@viajesecuador.net
VIAJES ECUADOR- S.A.,bcnaugusta@viajesecuador.net
VIAJES ECUADOR- S.A.,bcnpau@viajesecuador.net
VIAJES ECUADOR- S.A.,barbera@viajesecuador.net
VIAJES ECUADOR- S.A.,baracaldo@viajesecuador.net
VIAJES ECUADOR- S.A.,balaguer@viajesecuador.net
VIAJES ECUADOR- S.A.,bcncubi@viajesecuador.net
VIAJES ECUADOR- S.A.,calahorra@viajesecuador.net
VIAJES ECUADOR- S.A.,carlet@viajesecuador.net
VIAJES ECUADOR- S.A.,albacete@viajesecuador.net
VIAJES ECUADOR- S.A.,albolote@viajesecuador.net
VIAJES ECUADOR- S.A.,alcalah@viajesecuador.net
VIAJES ECUADOR- S.A.,algorta@viajesecuador.net
VIAJES ECUADOR- S.A.,arteixo@viajesecuador.net
VIAJES ECUADOR- S.A.,almeria@viajesecuador.net
VIAJES ECUADOR- S.A.,almoradi@viajesecuador.net
VIAJES ECUADOR- S.A.,durango@viajesecuador.net
VIAJES ECUADOR- S.A.,ecija@viajesecuador.net
VIAJES ECUADOR- S.A.,eibar@viajesecuador.net
VIAJES ECUADOR- S.A.,doshermanas2@viajesecuador.net
VIAJES ECUADOR- S.A.,castro@viajesecuador.net
VIAJES ECUADOR. GIJON . NATAHOYO,gijona@viajesecuador.net
VIAJES EJECUTIVO- S.A.,info@viajesejecutivo.com
VIAJES EKOALFA,valladolid@ekoalfa.com
VIAJES EKOALFA 4- S.A.,capitanesponera@ekoalfa.com
VIAJES EKOALFA- S.A.,santander@ekoalfa.com
VIAJES EL ARTE DE VIAJAR- S.L.,artedeviajarp@hotmail.com
VIAJES EL CAMINANTE- S.L.,elcaminante@olanet.net
VIAJES EL COLISEO- S.L.,elcoliseo@cyberagencias.com
VIAJES EL CORTE INGLES S A,adejesurtenerife@viajeseci.es
VIAJES EL CORTE INGLES S A,basauri@viajeseci.es
VIAJES EL CORTE INGLES- S.A.,mirandaebro@viajeseci.es
VIAJES EL CORTE INGLES- S.A.,mollet@viajeseci.es
VIAJES EL CORTE INGLES- S.A.,mostoles_empresas@viajeseci.es
VIAJES EL CORTE INGLES- S.A.,mostoles@viajeseci.es
VIAJES EL CORTE INGLES- S.A.,mataro@viajeseci.es
VIAJES EL CORTE INGLES- S.A.,hefame@viajeseci.es
VIAJES EL CORTE INGLES- S.A.,medinadelcampo@viajeseci.es
VIAJES EL CORTE INGLES- S.A.,mieres@viajeseci.es
VIAJES EL CORTE INGLES- S.A.,marbella@viajeseci.es
VIAJES EL CORTE INGLES- S.A.,smajadahonda2@viajeseci.es
VIAJES EL CORTE INGLES- S.A.,hipermalaga@viajeseci.es
VIAJES EL CORTE INGLES- S.A.,smajadahonda@viajeseci.es
VIAJES EL CORTE INGLES- S.A.,hipermendezalvaro@viajeseci.es
VIAJES EL CORTE INGLES- S.A.,induyco@viajeseci.es
VIAJES EL CORTE INGLES- S.A.,impmotorpress@viajeseci.es
VIAJES EL CORTE INGLES- S.A.,granviadehortaleza@viajeseci.es
VIAJES EL CORTE INGLES- S.A.,cse_machupichu@viajeseci.es
VIAJES EL CORTE INGLES- S.A.,enresa@viajeseci.es
VIAJES EL CORTE INGLES- S.A.,zardoyao@viajeseci.es
VIAJES EL CORTE INGLES- S.A.,manresa@viajeseci.es
VIAJES EL CORTE INGLES- S.A.,universidadmalaga@viajeseci.es
VIAJES EL CORTE INGLES- S.A.,malagalarios@viajeseci.es
VIAJES EL CORTE INGLES- S.A.,malaga@viajeseci.es
VIAJES EL CORTE INGLES- S.A.,malagaempresas@viajeseci.es
VIAJES EL CORTE INGLES- S.A.,malagahilera@viajeseci.es
VIAJES EL CORTE INGLES- S.A.,pamplonaiturrama@viajeseci.es
VIAJES EL CORTE INGLES- S.A.,parla@viajeseci.es
VIAJES EL CORTE INGLES- S.A.,paterna@viajeseci.es
VIAJES EL CORTE INGLES- S.A.,pamplonalarioja@viajeseci.es
VIAJES EL CORTE INGLES- S.A.,palmademallorca@viajeseci.es
VIAJES EL CORTE INGLES- S.A.,palma@viajeseci.es
VIAJES EL CORTE INGLES- S.A.,jaimeIII@viajeseci.es
VIAJES EL CORTE INGLES- S.A.,prim@viajeseci.es
VIAJES EL CORTE INGLES- S.A.,comercial_mjv@viajeseci.es
VIAJES EL CORTE INGLES- S.A.,rondalevante@viajeseci.es
VIAJES EL CORTE INGLES- S.A.,isaacalbeniz@viajeseci.es
VIAJES EL CORTE INGLES- S.A.,murcia_cc@viajeseci.es
VIAJES EL CORTE INGLES- S.A.,murciasalzillo@viajeseci.es
VIAJES EL CORTE INGLES- S.A.,orihuela@viajeseci.es
VIAJES EL CORTE INGLES- S.A.,ourense@viajeseci.es
VIAJES EL CORTE INGLES- S.A.,oviedo2@viajeseci.es
VIAJES EL CORTE INGLES- S.A.,oviedo_empresas@viajeseci.es
VIAJES EL CORTE INGLES- S.A.,onteniente@viajeseci.es
VIAJES EL CORTE INGLES- S.A.,hiperoviedo@viajeseci.es
VIAJES EL CORTE INGLES- S.A.,gestavacacional@viajeseci.es
VIAJES EL CORTE INGLES- S.A.,oviedogesta@viajeseci.es
VIAJES EL CORTE INGLES- S.A.,oviedomasip@viajeseci.es
VIAJES EL CORTE INGLES- S.A.,palencia@viajeseci.es
VIAJES EL CORTE INGLES- S.A.,lasrozas@viajeseci.es
VIAJES EL CORTE INGLES- S.A.,parquesur2@viajeseci.es
VIAJES EL CORTE INGLES- S.A.,parquesur@viajeseci.es
VIAJES EL CORTE INGLES- S.A.,leganes@viajeseci.es
VIAJES EL CORTE INGLES- S.A.,laspalmas2@viajeseci.es
VIAJES EL CORTE INGLES- S.A.,tomasmiller@viajeseci.es
VIAJES EL CORTE INGLES- S.A.,laspalmas3@viajeseci.es
VIAJES EL CORTE INGLES- S.A.,juanxxiii@viajeseci.es
VIAJES EL CORTE INGLES- S.A.,laspalmas1@viajeseci.es
VIAJES EL CORTE INGLES- S.A.,linares@viajeseci.es
VIAJES EL CORTE INGLES- S.A.,leon@viajeseci.es
VIAJES EL CORTE INGLES- S.A.,lleida@viajeseci.es
VIAJES EL CORTE INGLES- S.A.,lepe@viajeseci.es
VIAJES EL CORTE INGLES- S.A.,leonsanmarcos@viajeseci.es
VIAJES EL CORTE INGLES- S.A.,serrano2@viajeseci.es
VIAJES EL CORTE INGLES- S.A.,condepenalver@viajeseci.es
VIAJES EL CORTE INGLES- S.A.,diegodeleon@viajeseci.es
VIAJES EL CORTE INGLES- S.A.,mae2@viajeseci.es
VIAJES EL CORTE INGLES- S.A.,isdefe@viajeseci.es
VIAJES EL CORTE INGLES- S.A.,sepi@viajeseci.es
VIAJES EL CORTE INGLES- S.A.,serrano@viajeseci.es
VIAJES EL CORTE INGLES- S.A.,lucena@viajeseci.es
VIAJES EL CORTE INGLES- S.A.,acacias@viajeseci.es
VIAJES EL CORTE INGLES- S.A.,vicentecalderon@viajeseci.es
VIAJES EL CORTE INGLES- S.A.,lorca@viajeseci.es
VIAJES EL CORTE INGLES- S.A.,logrono2@viajeseci.es
VIAJES EL CORTE INGLES- S.A.,sectorpublico@viajeseci.es
VIAJES EL CORTE INGLES- S.A.,princesa2@viajeseci.es
VIAJES EL CORTE INGLES- S.A.,grupozeta@viajeseci.es
VIAJES EL CORTE INGLES- S.A.,goya1@viajeseci.es
VIAJES EL CORTE INGLES- S.A.,fuentedelberro@viajeseci.es
VIAJES EL CORTE INGLES- S.A.,avda_mediterraneo@viajeseci.es
VIAJES EL CORTE INGLES- S.A.,loreal@viajeseci.es
VIAJES EL CORTE INGLES- S.A.,princesa47@viajeseci.es
VIAJES EL CORTE INGLES- S.A.,quintiles@viajeseci.es
VIAJES EL CORTE INGLES- S.A.,rtvetorrespana@viajeseci.es
VIAJES EL CORTE INGLES- S.A.,laurelprincesa@viajeseci.es
VIAJES EL CORTE INGLES- S.A.,quintana@viajeseci.es
VIAJES EL CORTE INGLES- S.A.,generalricardos@viajeseci.es
VIAJES EL CORTE INGLES- S.A.,senado@viajeseci.es
VIAJES EL CORTE INGLES- S.A.,pmsrecursos@viajeseci.es
VIAJES EL CORTE INGLES- S.A.,grupoaxa@viajeseci.es
VIAJES EL CORTE INGLES- S.A.,castellana124@viajeseci.es
VIAJES EL CORTE INGLES- S.A.,hipervistaalegre@viajeseci.es
VIAJES EL CORTE INGLES- S.A.,sanchinarro@viajeseci.es
VIAJES EL CORTE INGLES- S.A.,aluche@viajeseci.es
VIAJES EL CORTE INGLES- S.A.,suecia@viajeseci.es
VIAJES EL CORTE INGLES- S.A.,mae1@viajeseci.es
VIAJES EL CORTE INGLES- S.A.,paseoextremadura@viajeseci.es
VIAJES EL CORTE INGLES- S.A.,preciados1@viajeseci.es
VIAJES EL CORTE INGLES- S.A.,ceca@viajeseci.es
VIAJES EL CORTE INGLES- S.A.,callao@viajeseci.es
VIAJES EL CORTE INGLES- S.A.,arapiles@viajeseci.es
VIAJES EL CORTE INGLES- S.A.,thyssenb@viajeseci.es
VIAJES EL CORTE INGLES- S.A.,castellanadeportes@viajeseci.es
VIAJES EL CORTE INGLES- S.A.,usera@viajeseci.es
VIAJES EL CORTE INGLES- S.A.,sorangeladelacruz@viajeseci.es
VIAJES EL CORTE INGLES- S.A.,impanaya@viajeseci.es
VIAJES EL CORTE INGLES- S.A.,domecq@viajeseci.es
VIAJES EL CORTE INGLES- S.A.,abc@viajeseci.es
VIAJES EL CORTE INGLES- S.A.,lavaguada@viajeseci.es
VIAJES EL CORTE INGLES- S.A.,bsch@viajeseci.es
VIAJES EL CORTE INGLES- S.A.,osbornemadrid@viajeseci.es
VIAJES EL CORTE INGLES- S.A.,telefonicamovil@viajeseci.es
VIAJES EL CORTE INGLES- S.A.,uam@viajeseci.es
VIAJES EL CORTE INGLES- S.A.,mirasierra@viajeseci.es
VIAJES EL CORTE INGLES- S.A.,seur@viajeseci.es
VIAJES EL CORTE INGLES- S.A.,moratalaz@viajeseci.es
VIAJES EL CORTE INGLES- S.A.,novonordisk@viajeseci.es
VIAJES EL CORTE INGLES- S.A.,vallecas@viajeseci.es
VIAJES EL CORTE INGLES- S.A.,hotel_diana@viajeseci.es
VIAJES EL CORTE INGLES- S.A.,sgstecnos@viajeseci.es
VIAJES EL CORTE INGLES- S.A.,hipernaciones@viajeseci.es
VIAJES EL CORTE INGLES- S.A.,avdacantabria@viajeseci.es
VIAJES EL CORTE INGLES- S.A.,aeropuertomadrid@viajeseci.es
VIAJES EL CORTE INGLES- S.A.,ucm@viajeseci.es
VIAJES EL CORTE INGLES- S.A.,aeci@viajeseci.es
VIAJES EL CORTE INGLES- S.A.,renault@viajeseci.es
VIAJES EL CORTE INGLES- S.A.,herrera_oria@viajeseci.es
VIAJES EL CORTE INGLES- S.A.,e_commerce@viajeseci.es
VIAJES EL CORTE INGLES- S.A.,impelpais@viajeseci.es
VIAJES EL CORTE INGLES- S.A.,uc@viajeseci.es
VIAJES EL CORTE INGLES- S.A.,santander@viajeseci.es
VIAJES EL CORTE INGLES- S.A.,hipersantiago@viajeseci.es
VIAJES EL CORTE INGLES- S.A.,segovia@viajeseci.es
VIAJES EL CORTE INGLES- S.A.,sevillasanpablo@viajeseci.es
VIAJES EL CORTE INGLES- S.A.,nervion1@viajeseci.es
VIAJES EL CORTE INGLES- S.A.,duque@viajeseci.es
VIAJES EL CORTE INGLES- S.A.,duquedeportes@viajeseci.es
VIAJES EL CORTE INGLES- S.A.,empresas_sevilla@viajeseci.es
VIAJES EL CORTE INGLES- S.A.,santajusta@viajeseci.es
VIAJES EL CORTE INGLES- S.A.,hipersantander@viajeseci.es
VIAJES EL CORTE INGLES- S.A.,santcugat@viajeseci.es
VIAJES EL CORTE INGLES- S.A.,rtvesancugat@viajeseci.es
VIAJES EL CORTE INGLES- S.A.,jesusymaria@viajeseci.es
VIAJES EL CORTE INGLES- S.A.,talavera@viajeseci.es
VIAJES EL CORTE INGLES- S.A.,santacruz@viajeseci.es
VIAJES EL CORTE INGLES- S.A.,tarragona@viajeseci.es
VIAJES EL CORTE INGLES- S.A.,tenerife@viajeseci.es
VIAJES EL CORTE INGLES- S.A.,telde@viajeseci.es
VIAJES EL CORTE INGLES- S.A.,republicaargentina@viajeseci.es
VIAJES EL CORTE INGLES- S.A.,fibes@viajeseci.es
VIAJES EL CORTE INGLES- S.A.,hipersevilla@viajeseci.es
VIAJES EL CORTE INGLES- S.A.,triana@viajeseci.es
VIAJES EL CORTE INGLES- S.A.,soria@viajeseci.es
VIAJES EL CORTE INGLES- S.A.,sotogrande@viajeseci.es
VIAJES EL CORTE INGLES- S.A.,bahiasur@viajeseci.es
VIAJES EL CORTE INGLES- S.A.,hiperaznalfarache@viajeseci.es
VIAJES EL CORTE INGLES- S.A.,canalsur@viajeseci.es
VIAJES EL CORTE INGLES- S.A.,ceramicasaloni@viajeseci.es
VIAJES EL CORTE INGLES- S.A.,cosladaempresas@viajeseci.es
VIAJES EL CORTE INGLES- S.A.,sanfernando@viajeseci.es
VIAJES EL CORTE INGLES- S.A.,tecnatom@viajeseci.es
VIAJES EL CORTE INGLES- S.A.,dragadosycon@viajeseci.es
VIAJES EL CORTE INGLES- S.A.,thysseni@viajeseci.es
VIAJES EL CORTE INGLES- S.A.,antena3tv@viajeseci.es
VIAJES EL CORTE INGLES- S.A.,sabadell@viajeseci.es
VIAJES EL CORTE INGLES- S.A.,sabadellempresas@viajeseci.es
VIAJES EL CORTE INGLES- S.A.,salamanca@viajeseci.es
VIAJES EL CORTE INGLES- S.A.,ptosantamaria@viajeseci.es
VIAJES EL CORTE INGLES- S.A.,puertosagunto@viajeseci.es
VIAJES EL CORTE INGLES- S.A.,reus@viajeseci.es
VIAJES EL CORTE INGLES- S.A.,rivas@viajeseci.es
VIAJES EL CORTE INGLES- S.A.,rtvepradodelrey@viajeseci.es
VIAJES EL CORTE INGLES- S.A.,kinepolis@viajeseci.es
VIAJES EL CORTE INGLES- S.A.,pozuelopablovi@viajeseci.es
VIAJES EL CORTE INGLES- S.A.,hiperpozuelo@viajeseci.es
VIAJES EL CORTE INGLES- S.A.,pozuelo@viajeseci.es
VIAJES EL CORTE INGLES- S.A.,porrino@viajeseci.es
VIAJES EL CORTE INGLES- S.A.,pontevedra@viajeseci.es
VIAJES EL CORTE INGLES- S.A.,poladesiero@viajeseci.es
VIAJES EL CORTE INGLES- S.A.,peguformi@viajeseci.es
VIAJES EL CORTE INGLES- S.A.,ponferrada@viajeseci.es
VIAJES EL CORTE INGLES- S.A.,receptivo_lanzarote@viajeseci.es
VIAJES EL CORTE INGLES- S.A.,ptodelacruz@viajeseci.es
VIAJES EL CORTE INGLES- S.A.,camelias@viajeseci.es
VIAJES EL CORTE INGLES- S.A.,vigoecuador@viajeseci.es
VIAJES EL CORTE INGLES- S.A.,vigo@viajeseci.es
VIAJES EL CORTE INGLES- S.A.,vigoempresas@viajeseci.es
VIAJES EL CORTE INGLES- S.A.,vilagarcia@viajeseci.es
VIAJES EL CORTE INGLES- S.A.,vilafrancadelpenedes@viajeseci.es
VIAJES EL CORTE INGLES- S.A.,vitoria@viajeseci.es
VIAJES EL CORTE INGLES- S.A.,vinaros@viajeseci.es
VIAJES EL CORTE INGLES- S.A.,vitoriacc@viajeseci.es
VIAJES EL CORTE INGLES- S.A.,vilareal@viajeseci.es
VIAJES EL CORTE INGLES- S.A.,itp@viajeseci.es
VIAJES EL CORTE INGLES- S.A.,zamora@viajeseci.es
VIAJES EL CORTE INGLES- S.A.,zazindependencia@viajeseci.es
VIAJES EL CORTE INGLES- S.A.,caugusto_zaz@viajeseci.es
VIAJES EL CORTE INGLES- S.A.,zaragoza2@viajeseci.es
VIAJES EL CORTE INGLES- S.A.,fdocatolico_zaz@viajeseci.es
VIAJES EL CORTE INGLES- S.A.,schindler2@viajeseci.es
VIAJES EL CORTE INGLES- S.A.,zaragoza1@viajeseci.es
VIAJES EL CORTE INGLES- S.A.,malpica_zaz@viajeseci.es
VIAJES EL CORTE INGLES- S.A.,floresta@viajeseci.es
VIAJES EL CORTE INGLES- S.A.,hiperzaragoza@viajeseci.es
VIAJES EL CORTE INGLES- S.A.,inta@viajeseci.es
VIAJES EL CORTE INGLES- S.A.,torrejondeardoz@viajeseci.es
VIAJES EL CORTE INGLES- S.A.,toledo@viajeseci.es
VIAJES EL CORTE INGLES- S.A.,teruel_tev@viajeseci.es
VIAJES EL CORTE INGLES- S.A.,terrassa@viajeseci.es
VIAJES EL CORTE INGLES- S.A.,trescantosliteratos@viajeseci.es
VIAJES EL CORTE INGLES- S.A.,trescantosoficios@viajeseci.es
VIAJES EL CORTE INGLES- S.A.,valdemoro@viajeseci.es
VIAJES EL CORTE INGLES- S.A.,gruposanjose@viajeseci.es
VIAJES EL CORTE INGLES- S.A.,torrente@viajeseci.es
VIAJES EL CORTE INGLES- S.A.,vlccolon@viajeseci.es
VIAJES EL CORTE INGLES- S.A.,blascoibanez@viajeseci.es
VIAJES EL CORTE INGLES- S.A.,avdafrancia@viajeseci.es
VIAJES EL CORTE INGLES- S.A.,csevalencia@viajeseci.es
VIAJES EL CORTE INGLES- S.A.,pintorsorolla@viajeseci.es
VIAJES EL CORTE INGLES- S.A.,tudela@viajeseci.es
VIAJES EL CORTE INGLES- S.A.,sanvicente@viajeseci.es
VIAJES EL CORTE INGLES- S.A.,reinodevalencia@viajeseci.es
VIAJES EL CORTE INGLES- S.A.,congresos.valencia@viajeseci.es
VIAJES EL CORTE INGLES- S.A.,uruguay@viajeseci.es
VIAJES EL CORTE INGLES- S.A.,vic@viajeseci.es
VIAJES EL CORTE INGLES- S.A.,vallduixo@viajeseci.es
VIAJES EL CORTE INGLES- S.A.,vecindario@viajeseci.es
VIAJES EL CORTE INGLES- S.A.,vllconstitucion@viajeseci.es
VIAJES EL CORTE INGLES- S.A.,valladolid@viajeseci.es
VIAJES EL CORTE INGLES- S.A.,recoletos@viajeseci.es
VIAJES EL CORTE INGLES- S.A.,valenciaaragon@viajeseci.es
VIAJES EL CORTE INGLES- S.A.,nuevocentro2@viajeseci.es
VIAJES EL CORTE INGLES- S.A.,nuevocentro@viajeseci.es
VIAJES EL CORTE INGLES- S.A.,bachiller@viajeseci.es
VIAJES EL CORTE INGLES- S.A.,hiperademuz@viajeseci.es
VIAJES EL CORTE INGLES- S.A.,bolivia@viajeseci.es
VIAJES EL CORTE INGLES- S.A.,barcelona-aragon@viajeseci.es
VIAJES EL CORTE INGLES- S.A.,paralel@viajeseci.es
VIAJES EL CORTE INGLES- S.A.,sarria@viajeseci.es
VIAJES EL CORTE INGLES- S.A.,ciudadreal@viajeseci.es
VIAJES EL CORTE INGLES- S.A.,cordoba_paseo_victoria@viajeseci.es
VIAJES EL CORTE INGLES- S.A.,cordoba@viajeseci.es
VIAJES EL CORTE INGLES- S.A.,hipercornella@viajeseci.es
VIAJES EL CORTE INGLES- S.A.,colmenarviejo@viajeseci.es
VIAJES EL CORTE INGLES- S.A.,castellon2@viajeseci.es
VIAJES EL CORTE INGLES- S.A.,durango@viajeseci.es
VIAJES EL CORTE INGLES- S.A.,doshermanas@viajeseci.es
VIAJES EL CORTE INGLES- S.A.,ejido@viajeseci.es
VIAJES EL CORTE INGLES- S.A.,ferrol@viajeseci.es
VIAJES EL CORTE INGLES- S.A.,supercorferrol@viajeseci.es
VIAJES EL CORTE INGLES- S.A.,donbenito@viajeseci.es
VIAJES EL CORTE INGLES- S.A.,cuenca@viajeseci.es
VIAJES EL CORTE INGLES- S.A.,villalba@viajeseci.es
VIAJES EL CORTE INGLES- S.A.,cornella@viajeseci.es
VIAJES EL CORTE INGLES- S.A.,andujar@viajeseci.es
VIAJES EL CORTE INGLES- S.A.,aranjuez@viajeseci.es
VIAJES EL CORTE INGLES- S.A.,almeriaempresas@viajeseci.es
VIAJES EL CORTE INGLES- S.A.,almeria@viajeseci.es
VIAJES EL CORTE INGLES- S.A.,avila@viajeseci.es
VIAJES EL CORTE INGLES- S.A.,avilesbalsera@viajeseci.es
VIAJES EL CORTE INGLES- S.A.,hipercoraviles@viajeseci.es
VIAJES EL CORTE INGLES- S.A.,xanadu@viajeseci.es
VIAJES EL CORTE INGLES- S.A.,lanzarote@viajeseci.es
VIAJES EL CORTE INGLES- S.A.,arganda@viajeseci.es
VIAJES EL CORTE INGLES- S.A.,badajoz@viajeseci.es
VIAJES EL CORTE INGLES- S.A.,algeciras@viajeseci.es
VIAJES EL CORTE INGLES- S.A.,alicante2@viajeseci.es
VIAJES EL CORTE INGLES- S.A.,alicantecastelar@viajeseci.es
VIAJES EL CORTE INGLES- S.A.,alicante_empresas@viajeseci.es
VIAJES EL CORTE INGLES- S.A.,alcorcon@viajeseci.es
VIAJES EL CORTE INGLES- S.A.,alcobendas_empresas@viajeseci.es
VIAJES EL CORTE INGLES- S.A.,pfizer@viajeseci.es
VIAJES EL CORTE INGLES- S.A.,hipervalderas2@viajeseci.es
VIAJES EL CORTE INGLES- S.A.,hipervalderas1@viajeseci.es
VIAJES EL CORTE INGLES- S.A.,alcoy@viajeseci.es
VIAJES EL CORTE INGLES- S.A.,alcala_empresas@viajeseci.es
VIAJES EL CORTE INGLES- S.A.,alcobendas@viajeseci.es
VIAJES EL CORTE INGLES- S.A.,lagranmanzana@viajeseci.es
VIAJES EL CORTE INGLES- S.A.,valdelasfuentes@viajeseci.es
VIAJES EL CORTE INGLES- S.A.,toysrus@viajeseci.es
VIAJES EL CORTE INGLES- S.A.,hipalcaladehenares@viajeseci.es
VIAJES EL CORTE INGLES- S.A.,alcaladeguadaira@viajeseci.es
VIAJES EL CORTE INGLES- S.A.,alcaladehenares@viajeseci.es
VIAJES EL CORTE INGLES- S.A.,albacete@viajeseci.es
VIAJES EL CORTE INGLES- S.A.,alicantecongresos@viajeseci.es
VIAJES EL CORTE INGLES- S.A.,alicante@viajeseci.es
VIAJES EL CORTE INGLES- S.A.,cartagena@viajeseci.es
VIAJES EL CORTE INGLES- S.A.,parquetecnologico@viajeseci.es
VIAJES EL CORTE INGLES- S.A.,sagradafamilia@viajeseci.es
VIAJES EL CORTE INGLES- S.A.,cartagenacc@viajeseci.es
VIAJES EL CORTE INGLES- S.A.,calahorra@viajeseci.es
VIAJES EL CORTE INGLES- S.A.,hipercadiz@viajeseci.es
VIAJES EL CORTE INGLES- S.A.,caceres@viajeseci.es
VIAJES EL CORTE INGLES- S.A.,cadiz@viajeseci.es
VIAJES EL CORTE INGLES- S.A.,impcirculolectores@viajeseci.es
VIAJES EL CORTE INGLES- S.A.,viaaugusta@viajeseci.es
VIAJES EL CORTE INGLES- S.A.,galaplacidia@viajeseci.es
VIAJES EL CORTE INGLES- S.A.,badalona@viajeseci.es
VIAJES EL CORTE INGLES- S.A.,barakaldo@viajeseci.es
VIAJES EL CORTE INGLES- S.A.,pzacataluna2@viajeseci.es
VIAJES EL CORTE INGLES- S.A.,puertadelangel@viajeseci.es
VIAJES EL CORTE INGLES- S.A.,pzacataluna1@viajeseci.es
VIAJES EL CORTE INGLES- S.A.,caspe@viajeseci.es
VIAJES EL CORTE INGLES- S.A.,mercatdelaconcepcio@viajeseci.es
VIAJES EL CORTE INGLES- S.A.,comercial_bcn@viajeseci.es
VIAJES EL CORTE INGLES- S.A.,hipermeridiana@viajeseci.es
VIAJES EL CORTE INGLES- S.A.,joseptarradellas@viajeseci.es
VIAJES EL CORTE INGLES- S.A.,francescmacia@viajeseci.es
VIAJES EL CORTE INGLES- S.A.,sony@viajeseci.es
VIAJES EL CORTE INGLES- S.A.,diagonal1@viajeseci.es
VIAJES EL CORTE INGLES- S.A.,grupoferrer@viajeseci.es
VIAJES EL CORTE INGLES- S.A.,diagonal2@viajeseci.es
VIAJES EL CORTE INGLES- S.A.,paseomaragall@viajeseci.es
VIAJES EL CORTE INGLES- S.A.,arbora@viajeseci.es
VIAJES EL CORTE INGLES- S.A.,csezonafranca@viajeseci.es
VIAJES EL CORTE INGLES- S.A.,canal9@viajeseci.es
VIAJES EL CORTE INGLES- S.A.,almirantebonifaz@viajeseci.es
VIAJES EL CORTE INGLES- S.A.,bilbaoercilla@viajeseci.es
VIAJES EL CORTE INGLES- S.A.,bilbaodeusto@viajeseci.es
VIAJES EL CORTE INGLES- S.A.,girausa@viajeseci.es
VIAJES EL CORTE INGLES- S.A.,hiperburgos@viajeseci.es
VIAJES EL CORTE INGLES- S.A.,benidorm@viajeseci.es
VIAJES EL CORTE INGLES- S.A.,bilbao@viajeseci.es
VIAJES EL CORTE INGLES- S.A.,bilbaoperezgaldos@viajeseci.es
VIAJES EL CORTE INGLES- S.A.,guadalajara@viajeseci.es
VIAJES EL CORTE INGLES- S.A.,huelvapalacios@viajeseci.es
VIAJES EL CORTE INGLES- S.A.,hiperhuelva@viajeseci.es
VIAJES EL CORTE INGLES- S.A.,hospitalet@viajeseci.es
VIAJES EL CORTE INGLES- S.A.,igualada@viajeseci.es
VIAJES EL CORTE INGLES- S.A.,huesca@viajeseci.es
VIAJES EL CORTE INGLES- S.A.,lugo@viajeseci.es
VIAJES EL CORTE INGLES- S.A.,cdti@viajeseci.es
VIAJES EL CORTE INGLES- S.A.,goya2@viajeseci.es
VIAJES EL CORTE INGLES- S.A.,santaengracia@viajeseci.es
VIAJES EL CORTE INGLES- S.A.,castellana2@viajeseci.es
VIAJES EL CORTE INGLES- S.A.,rafaelcabrera@viajeseci.es
VIAJES EL CORTE INGLES- S.A.,lasarenas@viajeseci.es
VIAJES EL CORTE INGLES- S.A.,slasmatas@viajeseci.es
VIAJES EL CORTE INGLES- S.A.,masterfoods@viajeseci.es
VIAJES EL CORTE INGLES- S.A.,lafelguera@viajeseci.es
VIAJES EL CORTE INGLES- S.A.,acoruna@viajeseci.es
VIAJES EL CORTE INGLES- S.A.,lalaguna@viajeseci.es
VIAJES EL CORTE INGLES- S.A.,acorunalosrosales@viajeseci.es
VIAJES EL CORTE INGLES- S.A.,hiperjerez@viajeseci.es
VIAJES EL CORTE INGLES- S.A.,jaen@viajeseci.es
VIAJES EL CORTE INGLES- S.A.,radiotvandalucia@viajeseci.es
VIAJES EL CORTE INGLES- S.A.,acorunaempresas@viajeseci.es
VIAJES EL CORTE INGLES- S.A.,acoruna_rubine@viajeseci.es
VIAJES EL CORTE INGLES- S.A.,jerezporvera@viajeseci.es
VIAJES EL CORTE INGLES- S.A.,xativa@viajeseci.es
VIAJES EL CORTE INGLES- S.A.,irun@viajeseci.es
VIAJES EL CORTE INGLES- S.A.,esplugues@viajeseci.es
VIAJES EL CORTE INGLES- S.A.,elche@viajeseci.es
VIAJES EL CORTE INGLES- S.A.,elda@viajeseci.es
VIAJES EL CORTE INGLES- S.A.,castellon@viajeseci.es
VIAJES EL CORTE INGLES- S.A.,castelldefels@viajeseci.es
VIAJES EL CORTE INGLES- S.A.,uji@viajeseci.es
VIAJES EL CORTE INGLES- S.A.,getafe@viajeseci.es
VIAJES EL CORTE INGLES- S.A.,gandia@viajeseci.es
VIAJES EL CORTE INGLES- S.A.,sfuengirola@viajeseci.es
VIAJES EL CORTE INGLES- S.A.,fuenlabrada@viajeseci.es
VIAJES EL CORTE INGLES- S.A.,fuengirola@viajeseci.es
VIAJES EL CORTE INGLES- S.A.,granadagenil@viajeseci.es
VIAJES EL CORTE INGLES- S.A.,granollers@viajeseci.es
VIAJES EL CORTE INGLES- S.A.,gironaempresas@viajeseci.es
VIAJES EL CORTE INGLES- S.A.,congresosgranada@viajeseci.es
VIAJES EL CORTE INGLES- S.A.,hipergranada@viajeseci.es
VIAJES EL CORTE INGLES- S.A.,hipergirona@viajeseci.es
VIAJES EL CORTE INGLES- S.A.,supercorgijon@viajeseci.es
VIAJES EL CORTE INGLES- S.A.,gijoncastilla@viajeseci.es
VIAJES EL CORTE INGLES- S.A.,unicarlosiii@viajeseci.es
VIAJES EL CORTE INGLES- S.A.,hipergijon@viajeseci.es
VIAJES EL CORTE INGLES- S.A.,gijoncabrales@viajeseci.es
VIAJES EL CORTE INGLES- S.A.,gijon_empresas@viajeseci.es
VIAJES EL GLOBO AZUL- S.L.,elgloboazul2@infonegocio.com
VIAJES EL MONTE- S.A.,granada@viajescajasol.es
VIAJES EL MONTE- S.A.,santodomingo@viajeselmonte.com
VIAJES EL MUELLE,viajeselmuelle@telefonica.net
VIAJES EL PRADO- S.L.,viajesprado@telefonica.net
VIAJES EL VIAJERO- S.L.,alma@elviajero.info
VIAJES ELITE- S.A.,barcelona@viatgeselite.com
VIAJES ELITE- S.A.,central@viatgeselite.com
VIAJES ELITE- S.A.,tordera@viatgeselite.com
VIAJES ELITE- S.A.,premia@viatgeselite.com
VIAJES EMBAJADOR- VIAJES-NUNEPO- S.L.,embajador@grupostar.com
VIAJES EMISAN- S.A.,uni.emisanv@unida.com
VIAJES ENCARNACION- S.L.,central@todoviajesonline.com
VIAJES EOLO- S.A.,viajeseolo@grupoairmet.com
VIAJES EPOCA- S.L.,viajesepoca@juniper.es
VIAJES EQUINOCCIO,uni.equinoccio52@unida.com
VIAJES EQUINOCCIO- S.A.L.,vequinoccio5@unida.com
VIAJES EQUUS- S.A.,equusben@grupostar.com
VIAJES EQUUS- S.A.,equusza@grupostar.com
VIAJES EROSKI- S.A.,v0645@eroski.es
VIAJES ES FREUS- S.A.,info@marjet.es
VIAJES ESPAÑA,mv@vesp.es
VIAJES ESPAÑA,almansa@vesp.es
VIAJES ESPAÑA,pedroneras@vesp.es
VIAJES ESPAÑA- S.A.,villena1@vesp.es
VIAJES ESPAÑA- S.A.,orihuela@vesp.es
VIAJES ESPAÑA- S.A.,elche@vesp.es
VIAJES ESPAÑA- S.A.,laroda@vesp.es
VIAJES ESPAÑA- S.A.,central@vesp.es
VIAJES ESPAÑA- S.A.,albacete@vesp.es
VIAJES ESPAÑA- S.A.,admon@vesp.es
VIAJES ESPORTS 10,info@esports10.com
VIAJES ESTIVALTOUR,santcarles@estivaltour.com
VIAJES ESTIVALTOUR,santceloni@estivaltour.com
VIAJES ESTIVALTOUR,valladolid3@estivaltour.com
VIAJES ESTIVALTOUR,orihuelacosta@estivaltour.com
VIAJES ESTIVALTOUR,olot@estivaltour.com
VIAJES ESTIVALTOUR,picassent@estivaltour.com
VIAJES ESTIVALTOUR,sevilla@estivaltour.com
VIAJES ESTIVALTUR,vigo@estivaltour.com
VIAJES EURO AMERICA- S.A.,info@euroamerica-viajes.com
VIAJES EURO DUMBO- S.A.,eurodumbo@eurodumbo.com
VIAJES EURO RIO- S.L.,info@eurorio.com
VIAJES EUROBUSINESS- S.L.,jorba@eurobusiness-viajes.com
VIAJES EUROCANTABRIA- S.L.,eurocantabria@hotmail.com
VIAJES EUROCARIBE,amuniz@e-savia.net
VIAJES EUROEXPRES- S.A.L.,blanca.admon@viajeseuroexpress.com
VIAJES EUROMARKET- S.A.,eurotravel@cayetanoyeuromarket.com
VIAJES EUROPA ACTIVE CLUB,info@europaactiveclub.com
VIAJES EUROPA TOUR,europatour@viajeseuropatour.com
VIAJES EUROPAIR- S.A.,pmi@viajeseuropair.com
VIAJES EUROPAIR- S.A.,cr@viajeseuropair.com
VIAJES EUROPAMUNDO VACACIONES- S.L.,l.garcia@europamundo.com
VIAJES EURORIOJA- S.L.,eurorioja@eurorioja.com
VIAJES EUROSUR- S.A.,eurosur@viajeseurosur.com
VIAJES EUROTOUR- S.L.,comercial@viajeseurotour.com
VIAJES EUROTURISMO- S.L.,benjamin@euroturismo.es
VIAJES EUROVACANCES- S.A.,anna@eurovacances.net
VIAJES EUROVIA TRAVEL,agencia@euroviatravel.com
VIAJES EUROVIPS- S.A.,ventaseuropa@eurovips.com
VIAJES EUROVISION SIGLO XXI- S.A.,reservas@eurovision.bz
VIAJES EUSKOCARIBE BIDAIAK- S.L.,viajes@euskocaribe.com
VIAJES EXCELENCIA- S.L.,info@viajesexcelencia.com
VIAJES EXCELSIOR- S.A.,jgarrido@viajesexcelsior.com
VIAJES EXCURSIONES NAUTILUS- S.L.,nautilu@terra.es
VIAJES EXPOTOURS- S.A.,jrodriguez@clubdecruceros.com
VIAJES EXTRATOURS- S.L.,info@extratoursbcn.com
VIAJES FAMA- S.A.,famaaragon@viajesfama.es
VIAJES FAMA- S.A.,famaheura@viajesfama.es
VIAJES FAMIBUS,famibus_reservas@telefonica.net
VIAJES FANNY TOURS,fannytours@grupoairmet.com
VIAJES FARAON- S.L.,yasmfaraon@hotmail.com
VIAJES FELTOURS- S.A.,feltours@feltours.com
VIAJES FENALS- S.A.,v.fenals@terra.es
VIAJES FENICIA- S.A.,vfenicia@e-savia.net
VIAJES FERMAR- S.L.,viajesfermar@terra.es
VIAJES FERRER & SARET- S.A.,ferrerysaret@ferrerysaret.com
VIAJES FERROL- S.L.,ferrolviajes@terra.es
VIAJES FERTOURS- S.L.,viajesfertours@terra.es
VIAJES FIESTA- S.A.,fiesta@aedave.es
VIAJES FIGUERES- S.L.,josep@viatgesfigueres.com
VIAJES FIGUERES- S.L.,olot@viatgesfigueres.com
VIAJES FLAVIA- S.L.,viajesflavia@unida.com
VIAJES FLAVIA- S.L.,v.flavia@swin.net
VIAJES FLIGHTLINE- S.L.,travel@flightline.es
VIAJES FLOMER- S.L.,info@viajesflomer.com
VIAJES FONTAO TRAVEL- S.L.,fontaoboiro@unida.com
VIAJES FORA LIMITS,admin@viatgesforalimits.com
VIAJES FORMENTOR- S.A.,jsenna@viajesformentor.com
VIAJES FORUM- S.A.,vforum_2@infonegocio.com
VIAJES FRANCO ESPAÑOLA- S.A.,odelbos@fram.fr
VIAJES FRAY ESCOBA- S.A.,frayescoba@grupoairmet.com
VIAJES FRESNO- S.L.,fresno@viajesfresno.com
VIAJES FUENTES- S.L.,viajesfuentes@infonegocio.com
VIAJES GACELA BUS- S.L.,gacelagracia@edeniaviajes.com
VIAJES GALAECIA,galaeciaviajes@gruposercom.com
VIAJES GALEA- S.A.,lasarenas@viajesgalea.com
VIAJES GALEA- S.A.,bilbao@viajesgalea.com
VIAJES GALEA- S.A.,galea@viajesgalea.com
VIAJES GALEA- S.A.,madrid@viajesgalea.com
VIAJES GAMMA TOURS- S.A.,info@gammatours.com
VIAJES GANDIA TOURS- S.L.,info@gandiatours.com
VIAJES GANDIA- S.L.,correo@viajesgandia.com
VIAJES GARBI STAR- S.A.,reservas@hotelesgarbi.com
VIAJES GAVIOTA- S.A.,gaviota@e-savia.net
VIAJES GENESIS- S.A.,viajesgenesis@telefonica.net
VIAJES GENIL,vgenil2@viajesgenil.es
VIAJES GENIL- S.A.,granada@viajesgenil.com
VIAJES GENIL- S.A.,bgonzalez@viajesgenil.es
VIAJES GERMANIES- S.L.,viagesgermanies@terra.es
VIAJES GESTUR- S.A.,info@gesturviajes.com
VIAJES GHEISA,puzol@gheisa.es
VIAJES GHEISA,pryalzira@gheisa.es
VIAJES GHEISA,elosito@gheisa.es
VIAJES GHEISA,direc-comercial@gheisa.es
VIAJES GHEISA,expansion@gheisa.es
VIAJES GHEISA,gandia@gheisa.es
VIAJES GHEISA,politecnica@gheisa.es
VIAJES GHEISA,tavernes@gheisa.es
VIAJES GHEISA CAMPANAR,halconr01@halcon-viajes.es
VIAJES GHEISA- S.L.,mollet@gheisa.es
VIAJES GHEISA- S.L.,marbella@gheisa.es
VIAJES GHEISA- S.L.,platjadaro@gheisa.es
VIAJES GHEISA- S.L.,juanduque@gheisa.es
VIAJES GHEISA- S.L.,sabadell@gheisa.es
VIAJES GHEISA- S.L.,vallirana@gheisa.es
VIAJES GHEISA- S.L.,elsaler@gheisa.es
VIAJES GHEISA- S.L.,halconr10@halcon-viajes.es
VIAJES GHEISA- S.L.,info@gheisa.es
VIAJES GHEISA- S.L.,lescorts@gheisa.es
VIAJES GHEISA- S.L.,castelldefels@gheisa.es
VIAJES GHEISA- S.L.,campello@gheisa.es
VIAJES GHEISA- S.L.,contgandia@gheisa.es
VIAJES GHEISA- S.L.,mayoristas@erandiobidaiak.com
VIAJES GHEISA- S.L.,granada@gheisa.es
VIAJES GHEISA- S.L.,granvia@gheisa.es
VIAJES GHEISA- S.L.,benalua@gheisa.es
VIAJES GHEISA- S.L.,halconr24@halcon-viajes.es
VIAJES GIJONTUR- S.L.,viajesgijontur@telecable.es
VIAJES GIRAMONDO,asistencia@giramondo.es
VIAJES GIROVIAGGO- S.L.,giroviaggo@giramondo.es
VIAJES GLOBESPAN- S.A.,globespan@interbook.net
VIAJES GLOBUS- S.A.,granvia@viajesglobus.com
VIAJES GODO- S.A.,viajesgodo@unida.com
VIAJES GORBEA- S.L.,gorbea@grupogea.com
VIAJES GRAM- S.A.,vgram@grupoeuropa.com
VIAJES GRAN SOL,info@viajesgransol.com
VIAJES GRANTUR- S.L.,granturviajes@telefonica.net
VIAJES GRECO- S.L.,greco@grupoeuropa.com
VIAJES GRUPO 4- S.A.,ventas.inma@grupo4.es
VIAJES GRUPO 7- S.A.,creactual@creactual.com
VIAJES GRUPO 7- S.A.,bcnbalmes@grupo7viajes.com
VIAJES GRUPO 7- S.A.,g7pinar@grupo7viajes.com
VIAJES GRUPO 7- S.A.,g7imercedes@grupo7viajes.com
VIAJES GRUPO 7- S.A.,santasusana@grupo7viajes.com
VIAJES GRUPO ODA- S.L.,odaviajes@arrakis.es
VIAJES GUADIANA- S.A.,vguadiana@madi.e.telefonica.net
VIAJES GUADIANA- S.A.,viajesguadiana@hotmail.com
VIAJES GUAMA- S.A.,ventasmad@guama.com
VIAJES GUAMA- S.A.,ventaslpa@guama.com
VIAJES GUAYANA- S.L.,info@viajesguayana.com
VIAJES GUIANA TOUR- S.A.,jmartin@guianatour.com
VIAJES GUIANA TOUR- S.A.,esther@guianatour.com
VIAJES GUIRAO- S.A.,viajesguirao@guirao.e.telefonica.net
VIAJES GURIA- S.A.,v.guria@viajesguria.com
VIAJES GURIA- S.A.,v.guriazarauz@viajesguria.com
VIAJES HALCON- S.A.,halcon184@halcon-viajes.es
VIAJES HALCON- S.L.,halcon632@halcon-viajes.es
VIAJES HALLEY- S.A.,empresas@viajeshalley.es
VIAJES HAWAI- S.L.,viajes@giramondo.es
VIAJES HAYA TRAVEL,yecla@hayatravel.com
VIAJES HELICE- S.L.,empresas@heliceviajes.com
VIAJES HELLO AMERICA,helloamerica@terra.es
VIAJES HENARES,viajeshenares@viajeshenares.com
VIAJES HERCA- S.L.,viajes@viajesherca.com
VIAJES HERMA TOURS- S.L.,hermatours@mundo-r.com
VIAJES HIDALGO,avila@viajeshidalgo.com
VIAJES HIMALAYA- S.A.,correo@viajeshimalaya.com
VIAJES HISPANIA,central@viajeshispania.es
VIAJES HISPANIA- S.A.,cadiz@viajeshispania.es
VIAJES HISPANIA- S.A.,benidorm@vhispania.es
VIAJES HOLIDAYSINSPAIN.COM,info@holidaysinspain.com
VIAJES HUCOVA,viajeshucova@abclubdelviaje.es
VIAJES IBERCAJA- S.A.,logrono@ibercajaviajes.com
VIAJES IBERCAJA- S.A.,zaragoza@ibercajaviajes.com
VIAJES IBERCAN,enquiries@ibercan.com
VIAJES IBERIA,murcia.cartagena@viajesiberia.com
VIAJES IBERIA,barcelona.ctrasants@viajesiberia.com
VIAJES IBERIA FRANQUICIAS,inaki.irazabal@viajesiberia.com
VIAJES IBERIA- S.A.,barcelona.maragall@viajesiberia.com
VIAJES IBERIA- S.A.,barcelona.mallorca@viajesiberia.com
VIAJES IBERIA- S.A.,barcelona.maquinista@viajesiberia.com
VIAJES IBERIA- S.A.,barcelona.dalighieri@viajesiberia.com
VIAJES IBERIA- S.A.,mercabarna@viajesiberia.com
VIAJES IBERIA- S.A.,barcelona.aribau74@viajesiberia.com
VIAJES IBERIA- S.A.,barcelona.rosellon@viajesiberia.com
VIAJES IBERIA- S.A.,castelldefels.vacacional@viajesiberia.com
VIAJES IBERIA- S.A.,bilbao.deusto@viajesiberia.com
VIAJES IBERIA- S.A.,bilbao.hurtado@viajesiberia.com
VIAJES IBERIA- S.A.,bilbao.granvia@viajesiberia.com
VIAJES IBERIA- S.A.,bilbao.ercilla@viajesiberia.com
VIAJES IBERIA- S.A.,bilbao.empresas@viajesiberia.com
VIAJES IBERIA- S.A.,bilbao.granvia@viajesiberia.com
VIAJES IBERIA- S.A.,bilbao.buenosaires@viajesiberia.com
VIAJES IBERIA- S.A.,valencia.mcamarena@viajesiberia.com
VIAJES IBERIA- S.A.,barcelona.calvet36@viajesiberia.com
VIAJES IBERIA- S.A.,barcelona.muntaner@viajesiberia.com
VIAJES IBERIA- S.A.,barcelona.guipuzcoa@viajesiberia.com
VIAJES IBERIA- S.A.,barcelona.lepanto306@viajesiberia.com
VIAJES IBERIA- S.A.,barcelona.urquinaona@viajesiberia.com
VIAJES IBERIA- S.A.,barcelona.muntaner470@viajesiberia.com
VIAJES IBERIA- S.A.,barcelona.augusta76@viajesiberia.com
VIAJES IBERIA- S.A.,barcelona.balmes8@viajesiberia.com
VIAJES IBERIA- S.A.,barcelona.rsanantonio@viajesiberia.com
VIAJES IBERIA- S.A.,barcelona.aribau@viajesiberia.com
VIAJES IBERIA- S.A.,barcelona.avdaparalelo@viajesiberia.com
VIAJES IBERIA- S.A.,barcelona.poblenou@viajesiberia.com
VIAJES IBERIA- S.A.,irun@viajesiberia.com
VIAJES IBERIA- S.A.,madrid.claradelrey@viajesiberia.com
VIAJES IBERIA- S.A.,igualada@viajesiberia.com
VIAJES IBERIA- S.A.,ibiza.imacabich@viajesiberia.com
VIAJES IBERIA- S.A.,barcelona.ccgranvia@viajesiberia.com
VIAJES IBERIA- S.A.,granollers.alfonsoiv6@viajesiberia.com
VIAJES IBERIA- S.A.,girona@viajesiberia.com
VIAJES IBERIA- S.A.,gijon.elllano@viajesiberia.com
VIAJES IBERIA- S.A.,guernica@viajesiberia.com
VIAJES IBERIA- S.A.,gijon.psanmiguel@viajesiberia.com
VIAJES IBERIA- S.A.,girona.mcamps@viajesiberia.com
VIAJES IBERIA- S.A.,barcelona.esplugues@viajesiberia.com
VIAJES IBERIA- S.A.,elda@viajesiberia.com
VIAJES IBERIA- S.A.,burgos@viajesiberia.com
VIAJES IBERIA- S.A.,elche.rvictoria@viajesiberia.com
VIAJES IBERIA- S.A.,gandia@viajesiberia.com
VIAJES IBERIA- S.A.,alcala.santiago26@viajesiberia.com
VIAJES IBERIA- S.A.,alicante.alfonsoxelsabio@viajesiberia.com
VIAJES IBERIA- S.A.,badalona.mar@viajesiberia.com
VIAJES IBERIA- S.A.,badalona@viajesiberia.com
VIAJES IBERIA- S.A.,alcira@viajesiberia.com
VIAJES IBERIA- S.A.,barcelona.sants@viajesiberia.com
VIAJES IBERIA- S.A.,barcelona.estacionsants@viajesiberia.com
VIAJES IBERIA- S.A.,barcelona.vallespir49@viajesiberia.com
VIAJES IBERIA- S.A.,barcelona.roma113@viajesiberia.com
VIAJES IBERIA- S.A.,barcelona.calabria@viajesiberia.com
VIAJES IBERIA- S.A.,barcelona.sepulveda@viajesiberia.com
VIAJES IBERIA- S.A.,barcelona.cborrell@viajesiberia.com
VIAJES IBERIA- S.A.,barcelona.dosdemayo@viajesiberia.com
VIAJES IBERIA- S.A.,barcelona.estacionsants@viajesiberia.com
VIAJES IBERIA- S.A.,cerdanyola@viajesiberia.com
VIAJES IBERIA- S.A.,ciudadela.conquistador79@viajesiberia.com
VIAJES IBERIA- S.A.,castellon.navarra@viajesiberia.com
VIAJES IBERIA- S.A.,eibar@viajesiberia.com
VIAJES IBERIA- S.A.,barcelona.290.business@viajesiberia.com
VIAJES IBERIA- S.A.,zaragoza.adomenech@viajesiberia.com
VIAJES IBERIA- S.A.,zaragoza.generalsueiro19@viajesiberia.com
VIAJES IBERIA- S.A.,vitoria.virgenblanca@viajesiberia.com
VIAJES IBERIA- S.A.,vitoria.herran@viajesiberia.com
VIAJES IBERIA- S.A.,vitoria.gasteiz@viajesiberia.com
VIAJES IBERIA- S.A.,vitoria.miradier@viajesiberia.com
VIAJES IBERIA- S.A.,vilanova@viajesiberia.com
VIAJES IBERIA- S.A.,pirelli@viajesiberia.com
VIAJES IBERIA- S.A.,viladecans.rmodolell@viajesiberia.com
VIAJES IBERIA- S.A.,antonio.rodriguez@viajesiberia.com
VIAJES IBERIA- S.A.,valencia.blascoibanez@viajesiberia.com
VIAJES IBERIA- S.A.,vic.verdaguer2@viajesiberia.com
VIAJES IBERIA- S.A.,corporate.valencia@viajesiberia.com
VIAJES IBERIA- S.A.,congresos.valencia@viajesiberia.com
VIAJES IBERIA- S.A.,vacacional.valencia@viajesiberia.com
VIAJES IBERIA- S.A.,valencia.hernancortes23@viajesiberia.com
VIAJES IBERIA- S.A.,tudela.avzaragoza@viajesiberia.com
VIAJES IBERIA- S.A.,valencia.bcarcer@viajesiberia.com
VIAJES IBERIA- S.A.,guipuzcoa.tolosa@viajesiberia.com
VIAJES IBERIA- S.A.,torrejon.madrid22@viajesiberia.com
VIAJES IBERIA- S.A.,pontevedra.rcastro@viajesiberia.com
VIAJES IBERIA- S.A.,pozuelo.atenas@viajesiberia.com
VIAJES IBERIA- S.A.,rubi.barcelona39@viajesiberia.com
VIAJES IBERIA- S.A.,bbraun@viajesiberia.com
VIAJES IBERIA- S.A.,tenerife.lahoya26@viajesiberia.com
VIAJES IBERIA- S.A.,reus.rjesus@viajesiberia.com
VIAJES IBERIA- S.A.,reus.sjoan@viajesiberia.com
VIAJES IBERIA- S.A.,sabadell.ronda@viajesiberia.com
VIAJES IBERIA- S.A.,salamanca.canalejas@viajesiberia.com
VIAJES IBERIA- S.A.,barcelona.sadria@viajesiberia.com
VIAJES IBERIA- S.A.,ssebastian@viajesiberia.com
VIAJES IBERIA- S.A.,smartin.corporate@viajesiberia.com
VIAJES IBERIA- S.A.,ssebastian.isabel2@viajesiberia.com
VIAJES IBERIA- S.A.,sansebastian.boulevard27@viajesiberia.com
VIAJES IBERIA- S.A.,ssebastian-larroca@viajesiberia.com
VIAJES IBERIA- S.A.,sevilla.tetuan@viajesiberia.com
VIAJES IBERIA- S.A.,segovia.gfjimenez@viajesiberia.com
VIAJES IBERIA- S.A.,vizcaya.santurce@viajesiberia.com
VIAJES IBERIA- S.A.,santander.medio@viajesiberia.com
VIAJES IBERIA- S.A.,santander.cervantes@viajesiberia.com
VIAJES IBERIA- S.A.,santcugat@viajesiberia.com
VIAJES IBERIA- S.A.,santboi.francescmacia44@viajesiberia.com
VIAJES IBERIA- S.A.,barcelona.stacoloma@viajesiberia.com
VIAJES IBERIA- S.A.,tarragona@viajesiberia.com
VIAJES IBERIA- S.A.,logroño.844@viajesiberia.com
VIAJES IBERIA- S.A.,madrid.ferraz25@viajesiberia.com
VIAJES IBERIA- S.A.,betera.parquetecnologico@viajesiberia.com
VIAJES IBERIA- S.A.,madrid.diegodeleon@viajesiberia.com
VIAJES IBERIA- S.A.,madrid.avbarcelona@viajesiberia.com
VIAJES IBERIA- S.A.,madrid.eloygonzalo14@viajesiberia.com
VIAJES IBERIA- S.A.,madrid.ibiza@viajesiberia.com
VIAJES IBERIA- S.A.,madrid.princesa@viajesiberia.com
VIAJES IBERIA- S.A.,logrono.avpaz@viajesiberia.com
VIAJES IBERIA- S.A.,travelcar@viajesiberia.com
VIAJES IBERIA- S.A.,madrid.leganes@viajesiberia.com
VIAJES IBERIA- S.A.,madrid.lasrozas@viajesiberia.com
VIAJES IBERIA- S.A.,laspalmas.nestor@viajesiberia.com
VIAJES IBERIA- S.A.,laspalmas.luismorote37@viajesiberia.com
VIAJES IBERIA- S.A.,madrid.callao@viajesiberia.com
VIAJES IBERIA- S.A.,madrid.luchana@viajesiberia.com
VIAJES IBERIA- S.A.,madrid.granvia@viajesiberia.com
VIAJES IBERIA- S.A.,carabanchel@viajesiberia.com
VIAJES IBERIA- S.A.,empresas.madrid@viajesiberia.com
VIAJES IBERIA- S.A.,madrid.bruselas@viajesiberia.com
VIAJES IBERIA- S.A.,madrid.bohemios@viajesiberia.com
VIAJES IBERIA- S.A.,madrid.santiagobernabeu16@viajesiberia.com
VIAJES IBERIA- S.A.,madrid.alcala235@viajesiberia.com
VIAJES IBERIA- S.A.,laura.vidal@viajesiberia.com
VIAJES IBERIA- S.A.,palma.olmos13@viajesiberia.com
VIAJES IBERIA- S.A.,palma.bonaire@viajesiberia.com
VIAJES IBERIA- S.A.,palma.mallorca34@viajesiberia.com
VIAJES IBERIA- S.A.,pamplona.pioXII6@viajesiberia.com
VIAJES IBERIA- S.A.,pamplona.bergamin@viajesiberia.com
VIAJES IBERIA- S.A.,murcia.aseiquer@viajesiberia.com
VIAJES IBERIA- S.A.,murcia.aseiquer@viajesiberia.com
VIAJES IBERIA- S.A.,oviedo.norte@viajesiberia.com
VIAJES IBERIA- S.A.,maspalomas.galdar@viajesiberia.com
VIAJES IBERIA- S.A.,martorell.vila14@viajesiberia.com
VIAJES IBERIA- S.A.,merida.fvalverde@viajesiberia.com
VIAJES IBERIA- S.A.,mataro.real@viajesiberia.com
VIAJES IBERIA- S.A.,mollet.corporate@viajesiberia.com
VIAJES IBERIA- S.A.,mollet.vacacional@viajesiberia.com
VIAJES IBERIA- S.A.,mondragon@viajesiberia.com
VIAJES IBERIA- S.A.,madrid.majadahonda@viajesiberia.com
VIAJES IBERIA- S.A.,mahon.nou35@viajesiberia.com
VIAJES IBERIA- S.A.,malaga.antoniobaena2@viajesiberia.com
VIAJES IBERIA- S.A.,manresa@viajesiberia.com
VIAJES IBERIA- S.A.,franquicias@viajesiberia.com
VIAJES IBERIA- S.A.,empresas.barcelona@viajesiberia.com
VIAJES IBERICA OVERSEAS- S.L.,viajes@ibericaoverseas.com
VIAJES IBEROJET- S.A.,central@iberojet.es
VIAJES IBERPLAN- S.A.,empreses-bcn@iberplan.com
VIAJES IBERPLAN- S.A.,bcn@iberplan.com
VIAJES IBERPLAN- S.A.,santboi@iberplan.com
VIAJES IBERPLAN- S.A.,empreses-bcn@iberplan.com
VIAJES IBERPLAN- S.A.,espronceda@iberplan.com
VIAJES IBERPLAN- S.A.,empreses@iberplan.com
VIAJES IBERPLAN- S.A.,matadepera@iberplan.com
VIAJES IBERPLAN- S.A.,empreses@iberplan.com
VIAJES IBERPLAN- S.A.,elprat@iberplan.com
VIAJES IBERPLAN- S.A.,torredembarra@iberplan.com
VIAJES IBERPLAN- S.A.,terrassa@iberplan.com
VIAJES IBERPLAYA- S.L.,iberplayahum@terra.es
VIAJES IBERPLAYA- S.L.,iberplayaparla@grupoairmet.com
VIAJES IBIO,ibio@viajesibio.com
VIAJES IBIZA- S.A.,direccion@viajesibiza.es
VIAJES IDA & VUELTA,gemma8888@hotmail.com
VIAJES IDEA- S.L.,viajesidea@e-savia.net
VIAJES IDEAL TOURS- S.A.,info@ideal-tours.com
VIAJES IDEAL TOURS- S.A.,reservas@ideal-tours.com
VIAJES IDEAL TOURS- S.A.,albir@ideal-tours.com
VIAJES IDEATOUR GESTION INTEGRAL GRUPOS,uno@ideatur.e.telefonica.net
VIAJES IDUS- S.L.,viajesidus@avantours.es
VIAJES IEST- S.A.,amunoz@iest.es
VIAJES IGLU- S.A.L.,viajesiglu@grupoqualitas.com
VIAJES IKEA BIDAIAK- S.L.,epalza@viajesikea.com
VIAJES IMOHA- S.L.,veronicaimoha@e-savia.net
VIAJES IN OUT TRAVEL- S.L.,info@inout-travel.com
VIAJES INCAVISA,logrono@incavisa.com
VIAJES INCAVISA GRUPO STAR,incavisaexpansion@grupostar.com
VIAJES INCENTIV GOLF- S.L.,agpviajes@agpviajes.com
VIAJES INCENTIVOS INTERNACIONALES- S.A.,p.banus@viajesincentivos.com
VIAJES INDAL TRAVEL,albox@viajesindaltravel.com
VIAJES INDALTOUR- S.L.,loles@mojacar-reservas.com
VIAJES INDATUR- S.A.,indatur@e-savia.net
VIAJES INDICO,indicoviajes@indicoviajes.com
VIAJES INDOTOUR- S.L.,indotoursl@terra.es
VIAJES INDRA- S.L.,correo@viajesindra.es
VIAJES INSULAR- S.A.,insular@viajesinsular.es
VIAJES INT EXECUTIVE SERVICE TRAVEL- S.A.,jpeno@iest.es
VIAJES INTERLAND- S.L.,interland@interland.es
VIAJES INTERNACIONAL PRISMA- S.A.,aaguirre@e-savia.net
VIAJES INTERNACIONAL SAETA- S.A.,publicidad@intsaeta.com
VIAJES INTERNATIONAL MEETINGS- S.L.,info@inter-meetings.com
VIAJES INTERTRAVEL,intertravel_1@msn.com
VIAJES INVERSOL- S.L.,info@viajesinversol.com
VIAJES IRATI BIDAIAK,v.irati@grupoairmet.com
VIAJES IRE- S.L.,comercialbcn@ireviajes.es
VIAJES IRUÑA- S.L.,viajesiruna@aavv.com
VIAJES IRVING- S.A.,irving_mad@terra.es
VIAJES ISIS- S.A.,isis@e-savia.net
VIAJES ISLACASA- S.A.,correo@boesweb.com
VIAJES ISLAMAR- S.A.,viajesislamar@e-savia.net
VIAJES ISLATRAVEL,islatravel@islatravel.es
VIAJES ITACA- S.A.,itaca@itaca-viajes.com
VIAJES ITB- S.A.,itb_bcn@viajesitb.es
VIAJES ITINERARI,montse@viatgesitinerari.com
VIAJES ITINERARI,sergi@viatgesitinerari.com
VIAJES ITSASLUR,itsaslur@grupogea.com
VIAJES IVALIZ- S.L.,info@viajesivaliz.com
VIAJES IZARGI- S.A.,talai@euskalnet.net
VIAJES J PAJUELO- S.L.,924456398@terra.es
VIAJES JABALCUZ- S.A.,viajes.jabalcuz@infonegocio.com
VIAJES JAIRAN- S.A.,jairan@cajamar.es
VIAJES JAMAR- S.A.,viajesjamar@e-savia.net
VIAJES JETSETTERS- S.L.,seatsales@jetsetterssl.com
VIAJES JEVIDRIAN,jevidrian@hotmail.com
VIAJES JIJONA- S.A.,correo@viajesjijona.com
VIAJES JIVESA- S.A.L.,viajesjivesa@e-savia.net
VIAJES JOSE ANTONIO,vjantonio@terra.es
VIAJES JUMANTUR- S.A.,jumantur@yahoo.es
VIAJES KARAN- S.L.,viajeskaran@grupoairmet.com
VIAJES KARMA- S.A.L.,santiago@karmaviajes.com
VIAJES KASVALL,viajeskasvall@terra.es
VIAJES KAYAMBE- S.L.,viajes.kayambe@juniper.es
VIAJES KIARA- S.L.,amarante@viajeskiara.com
VIAJES KONTIKI- S.A.,alicante@kontiki.es
VIAJES KONTIKI- S.A.,kontiki@kontiki.es
VIAJES KUNTUR- S.A.,antonio@viajeskuntur.com
VIAJES KUONI- S.A.,kuoni@kuoni.es
VIAJES L EIXIDA TOURS- S.L.,torres@leixida.com
VIAJES LA ALEGRANZA- S.L.U.,grupos@viajeslaalegranza.com
VIAJES LA CALA- S.L.,viajeslacala@viajeslacala.e.telefonica.net
VIAJES LA FLORIDA,viajeslaflorida@e-savia.net
VIAJES LA JANDA,info@viajeslajanda.com
VIAJES LA MOLA- S.L.,lamola@viajeslamola.com
VIAJES LA MOLINA- S.L.,jferrer@viajeslamolina.com
VIAJES LA VALISE ROYALE- S.L.,lazenia@lavaliseroyale.com
VIAJES LA VALISE ROYALE- S.L.,lavaliseroyale@avantours.es
VIAJES LA VALISE ROYALE- S.L.,quesada@lavaliseroyale.com
VIAJES LAINTOUR- S.L.,laintour@hotmail.com
VIAJES LAINTOUR- S.L.,laintourtorrevieja@hotmail.com
VIAJES LANPARIS- S.A.,jl.perez@viajeslanparis.es
VIAJES LARENA- S.A.,larena@netcom.es
VIAJES LARIMAR,larimarviajes@e-savia.net
VIAJES LAS SALINAS-,info@viajeslassalinas.com
VIAJES LASTMINUTE NETWORK- S.L.,ofertas@lastminute.com
VIAJES LATITUD 4- S.L.,latitud4@latitud4.com
VIAJES LAYTOURS,administracion@laytours.com
VIAJES LEBRIMAR,olvera@viajeslebrimar.com
VIAJES LEOTOUR- S.L.,viajesleotour@hotmail.com
VIAJES LEPANTO- S.L.,central@ccilepanto.com
VIAJES LEPANTO- S.L.,central@ccilepanto.com
VIAJES LEPANTO- S.L.,gberenguer@viajeslepanto.com
VIAJES LEPANTO- S.L.,btc@viajeslepanto.com
VIAJES LEPANTO- S.L.,btc@viajeslepanto.com
VIAJES LEVANTE TOUR- S.A.,viajeslevante@unida.com
VIAJES LIDER CANARIAS- S.A.,cbr@serhstourism.com
VIAJES LIFANTRAVEL- S.A.,lifan@lifantravel.com
VIAJES LINCE,viajeslince@viajeslince.es
VIAJES LIÑAN- S.A.,avantours@avantours.es
VIAJES LIRA- S.L.,blopez@e-savia.net
VIAJES LLABRES- S.A.,llabres@e-savia.net
VIAJES LLASPA TOURS- S.A.,llaspatours@llaspatours.com
VIAJES LLIRIA- S.L.,lliria@avantours.es
VIAJES LLORETOURS- S.L.,lloretours@lloretours.com
VIAJES LOGARES- S.L.,v_logares@infonegocio.com
VIAJES LOIOLA BIDAIAK- S.L.,loiola@teleline.es
VIAJES LONG TRAVEL- S.L.,longtravel@grupoairmet.com
VIAJES LORETO- S.L.,info@viajesloreto.com
VIAJES LUAMAR- S.A.,luamar@luamar.com
VIAJES LUXOTOUR- S.A.,nasser@luxotour.com
VIAJES LUZMARINA- S.A.,inma@luzmarinaviajes.com
VIAJES M&M BELLOT- S.L.,aielo@bellotviajes.com
VIAJES MACUVI- S.A.,barcelona@viajes-macuvi.com
VIAJES MADRE TIERRA- S.L.,viajesmadretierra@ran.es
VIAJES MADROÑO- S.L.,madrono@unida.com
VIAJES MAE ORGANIZACION TURISTICA- S.L.,viajesmae@euskalnet.net
VIAJES MAESTRAZGO- S.A.,viajesmaestrazgo@yahoo.es
VIAJES MAGON- S.A.,ciutadella@vmagon.es
VIAJES MAIN TRAVEL- S.L.,maintravel@avantours.es
VIAJES MAJORICA- S.A.,staponsa@viajesmajorica.com
VIAJES MAJORICA- S.A.,lucatena@viajesmajorica.com
VIAJES MAJORICA- S.A.,rguezmendez@viajesmajorica.com
VIAJES MAJORICA- S.A.,eusebioestada@viajesmajorica.com
VIAJES MAJORICA- S.A.,tousferrer@viajesmajorica.com
VIAJES MAJORICA- S.A.,inca@viajesmajorica.com
