GRUPHOTEL DOS- S.A.,info@grupotel.com
GRUPO 7 VIAJES- S.A.,jmunoz@grupo7viajes.com
GRUPO 7 VIAJES-S.A.L,g7guadalajara@grupo7viajes.com
GRUPO 7 VIAJES-S.A.L,g7medea@grupo7viajes.com
GRUPO AQUA-HOTEL- S.A.,aquahotel@aquahotel.com
GRUPO ARAQUE,carlosaraque@euroclubtours.com
GRUPO ARTURO,cantoblanco@arturocantoblanco.com
GRUPO ARTURO CANTOBLANCO,cantoblanco@arturocantoblanco.com
GRUPO CASTELAR,reservas@relaistermal.com
GRUPO CUYFA HOTELES,cuyfa@telecable.es
GRUPO DE EMPRESAS DON PEPE,catering@grupodonpepe.com
GRUPO EMPRESAS ALONSO MARI- S.A.,insotel@insotel.com
GRUPO EUROPA VIAJES,direccion.muevete@grupoeuropa.com
GRUPO HECRAU FRANQUICIAS- S.L.,hecrau@hecrau.com
GRUPO HOSTELERO TRES HOJAS - HOTEL EBORA,recepcion@hotelebora.com
GRUPO HOTELES PLAYA- S.A.,reservas@playasenator.com
GRUPO MARES / HOSTERIA TARIFA- S.A.,reservas@dosmareshotel.com
GRUPO OH! VIGO CATERING,info@grupoohvigo.com
GRUPO ROMAN ULLOA- S.L.,info@hotelcasarosalia.com
GRUPO STAR,catamaran@riosil.com
GRUPO STAR VIAJES,star@grupostar.com
GRUPO TORRECASA,info@torrecasa.es
GRUPO VIPS- S.A.,sroa@grupovips.com
GRUPO ZENA PIZZAS- S.C.A.,expansion@zena.com
GSL PLAYAS S.L,icanope@hotmail.com
GUADALBE- S.L.,losmolinos@cafedeindias.com
GUADALMINA,info@hotelguadalmina.com
GUADALMINA CLUB DE GOLF,reservas@guadalminagolf.com
GUADALMINA RENT A CAR- S.L.,rentacar@guadalmina.com
GUADALOMA- S.L.,gines@viajesecuador.net
GUADALPING CATERING,mcalle@guadalpin.com
GUADALQUIVIR CATERING Y SERVICIOS- S.L.,info@guadalquivircatering.com
GUAMA-HAVANATUR,ventasmad@guama.com
GUARA DEPORTES DE AVENTURA,tienda@guara-mascun.com
GUARA TOURS,guaratours@guaratours.com
GUARAPO GESTUR- S.L.,reservasguarapo@lanzarotewebs.com
GUENGANGUS,guengangus@hotmail.com
GUERRERO LOPEZ AURORA,lespailudic@telefonica.net
GÜEYU-MAR- S.C.L.,comilonasdecentollu@telefonica.net
GUHEKO,contacto@guheko.com
GUIACOM CENTRAL DE COMPRAS HOTELERA,guiacom@transhotel.com
GUIAS TURISTICO DE CADIZ Y PROVINCIA- S.L.,marisa@guiascadizprovincia.com
GUIDES TEAM- S.L.,info@guiasdebarcelona.com
GUIES DE MUNTANYA D ALT PALLARS- S.L.,info@guiesdemuntanya.com
GUILLEUMES,hostal@guilleumes.com
GUITART HOTELS- S.A.,info@guitarthotels.com
GUITOUR VIATGES- S.L.,guitour@guitour.com
GULF TRAVEL AND TOURS- S.A.,gulftravel@hotmail.com
GUTIZI,gutizi@euskalnet.net
GYM SUB AIGUABLAVA- S.L.,info@gymsub.com
GYMKANA LA CIUDAD DE LOS JUEGOS INFANTILES,franquicia@gymkana.net
H SANTA BARBARA,reservas@hotelhsantabarbara.com
H SANTOS D,comercial@h-santos.es
H@CKAFE,hackafe@hotmail.com
H10 HOTELS- S.A.,h10@h10.es
H10 ITACA,h10.itaca@h10.es
H10 MONTCADA,h10.montcada@h10.es
H10 PLAYA ESMERALDA,h10.playa.esmeralda@h10.es
H10 RUBICON PALACE,h10.rubicon.palace@h10.es
HABANITA BAR RESTAURANTE,habanita@andalunet.com
HABITACIONES CASA MIGUEL,informacion@hospedajesmateos.com
HACIENDA AZAHARES 2,info@haciendaazahares.com
HACIENDA CAPRICHO ANDALUZ,info@haciendarural.com
HACIENDA CARIDAD,info@haciendacaridad.com
HACIENDA CLAREVOT,info@haciendadeclarevot.com
HACIENDA DEL AGUA,info@haciendadelagua.com
HACIENDA DEL ALAMO GOLF RESORT,golfers@hdagolf.com
HACIENDA EL CORTIJUELO,haciendaelcortijuelo@telefonica.net
HACIENDA EL ROSALEJO,bodas@elrosalejo.com
HACIENDA EL TRIGUERO,teresamencos@yahoo.es
HACIENDA EL VIZIR,isabel@haciendaelvizir.com
HACIENDA JACARANDA,info@haciendajacaranda.com
HACIENDA LA ANDRADA,celebraciones@zambra-alcala.com
HACIENDA LA BIZNAGA,info@haciendalabiznaga.com
HACIENDA LA COLORA,info@lacolora.com
HACIENDA LA MOHARRA,info@haciendalamoharra.com
HACIENDA LA VARA,info@haciendalavara.com
HACIENDA LLAMABUA,reservas@haciendallamabua.es
HACIENDA LOS ANGELES,sevilla@haciendalosangeles.com
HACIENDA LOS MIRADORES,losmiradores@losmiradores.com
HACIENDA MOLINO CHACON,rafael@yeguadapalenzuelahens.net
HACIENDA NUESTA SEÑORA DE LA ESPERANZA,rsalas@fp-hoteles.com
HACIENDA POSADA DE VALLINA,reservas@hhposadadevallina.es
HACIENDA RESOLANA,info@laresolana.net
HACIENDA SAN FELIPE,info@haciendasanfelipe.com
HACIENDA TIERRA BLANCA,haciendatierrablanca@haciendatierrablanca.com
HACIENDA VALDEFLORES,info@haciendavaldeflores.com
HACIENDA VERA CRUZ,info@hacienda-veracruz.com
HACIENDO HUELLA- S.L.,viajes@haciendohuella.com
HALCON  VIAJES-S.A,halcon297@halcon-viajes.es
HALCON VIAJES,luz.hernandez@halconviajes.com
HALCON VIAJES PALMA,halcon392@halcon-viajes.es
HALCON VIAJES- S.A.,halcon404@halcon-viajes.es
HALCON VIAJES- S.A.,halcon234@halcon-viajes.es
HALCON VIAJES- S.A.,cristinacano@halcon-viajes.es
HALCON VIAJES- S.A.,halcon276@halcon-viajes.es
HALCON VIAJES- S.A.,halcon400@halcon-viajes.es
HALCON VIAJES- S.A.,halcon692@halcon-viajes.es
HALCON VIAJES- S.A.,halcon216@halcon-viajes.es
HALCON VIAJES- S.A.,halcon569@halcon-viajes.es
HALCON VIAJES- S.A.,halcon134@halcon-viajes.es
HALCON VIAJES- S.A.,halcon069@halcon-viajes.es
HALCON VIAJES- S.A.,halcon307@halcon-viajes.es
HALCON VIAJES- S.A.,halcon676@halcon-viajes.es
HALCON VIAJES- S.A.,halcon207@halcon-viajes.es
HALCON VIAJES- S.A.,halcon427@halcon-viajes.es
HALCON VIAJES- S.A.,halcon340@halcon-viajes.es
HALCON VIAJES- S.A.,halcon825@halcon-viajes.es
HALCON VIAJES- S.A.,halcon079@halcon-viajes.es
HALCON VIAJES- S.A.,halcon252@halcon-viajes.es
HALCON VIAJES- S.A.,halcon695@halcon-viajes.es
HALCON VIAJES- S.A.,halcon159@halcon-viajes.es
HALCON VIAJES- S.A.,halcon341@halcon-viajes.es
HALCON VIAJES- S.A.,halcon095@halcon-viajes.es
HALCON VIAJES- S.A.,halcon020@halcon-viajes.es
HALCON VIAJES- S.A.,halcon143@halcon-viajes.es
HALCON VIAJES- S.A.,halcon517@halcon-viajes.es
HALCON VIAJES- S.A.,halcon240@halcon-viajes.es
HALCON VIAJES- S.A.,halcon042@halcon-viajes.es
HALCON VIAJES- S.A.,empresas-granada@halcon-viajes.es
HALCON VIAJES- S.A.,halcon327@halcon-viajes.es
HALCON VIAJES- S.A.,halcon415@halcon-viajes.es
HALCON VIAJES- S.A.,halcon314@halcon-viajes.es
HALCON VIAJES- S.A.,halcon161@halcon-viajes.es
HALCON VIAJES- S.A.,halcon133@halcon-viajes.es
HALCON VIAJES- S.A.,halcon110@halcon-viajes.es
HALCON VIAJES- S.A.,halcon072@halcon-viajes.es
HALCON VIAJES- S.A.,halcon262@halcon-viajes.es
HALCON VIAJES- S.A.,halcon468@halcon-viajes.es
HALCON VIAJES- S.A.,halcon258@halcon-viajes.es
HALCON VIAJES- S.A.,halcon265@halcon-viajes.es
HALCON VIAJES- S.A.,halcon473@halcon-viajes.es
HALCON VIAJES- S.A.,halcon053@halcon-viajes.es
HALCON VIAJES- S.A.,halcon235@halcon-viajes.es
HALCON VIAJES- S.A.,halcon154@halcon-viajes.es
HALCON VIAJES- S.A.,halcon149@halcon-viajes.es
HALCON VIAJES- S.A.,halcon451@halcon-viajes.es
HALCON VIAJES- S.A.,halcon090@halcon-viajes.es
HALCON VIAJES- S.A.,halcon197@halcon-viajes.es
HALCON VIAJES- S.A.,halcon365@halcon-viajes.es
HALCON VIAJES- S.A.,halcon006@halcon-viajes.es
HALCON VIAJES- S.A.,halcon567@halcon-viajes.es
HALCON VIAJES- S.A.,halcon118@halcon-viajes.es
HALCON VIAJES- S.A.,halcon478@halcon-viajes.es
HALCON VIAJES- S.A.,halcon278@halcon-viajes.es
HALCON VIAJES- S.A.,halcon455@halcon-viajes.es
HALCON VIAJES- S.A.,halcon080@halcon-viajes.es
HALCON VIAJES- S.A.,halcon350@halcon-viajes.es
HALCON VIAJES- S.A.,halcon559@halcon-viajes.es
HALCON VIAJES- S.A.,halcon115@halcon-viajes.es
HALCON VIAJES- S.A.,halcon212@halcon-viajes.es
HALCON VIAJES- S.A.,halcon447@halcon-viajes.es
HALCON VIAJES- S.A.,halcon627@halcon-viajes.es
HALCON VIAJES- S.A.,halcon012@halcon-viajes.es
HALCON VIAJES- S.A.,halcon414@halcon-viajes.es
HALCON VIAJES- S.A.,halcon275@halcon-viajes.es
HALCON VIAJES- S.A.,halcon225@halcon-viajes.es
HALCON VIAJES- S.A.,halcon143@halcon-viajes.es
HALCON VIAJES- S.A.,halcon422@halcon-viajes.es
HALCON VIAJES- S.A.,halcon203@halcon-viajes.es
HALCON VIAJES- S.A.,halcon313@halcon-viajes.es
HALCON VIAJES- S.A.,halcon145@halcon-viajes.es
HALCON VIAJES- S.A.,halcon380@halcon-viajes.es
HALCON VIAJES- S.A.,halcon357@halcon-viajes.es
HALCON VIAJES- S.A.,halcon384@halcon-viajes.es
HALCON VIAJES- S.A.,halcon310@halcon-viajes.es
HALCON VIAJES- S.A.,halcon255@halcon-viajes.es
HALCON VIAJES- S.A.,halcon041@halcon-viajes.es
HALCON VIAJES- S.A.,halcon040@halcon-viajes.es
HALCON VIAJES- S.A.,halcon105@halcon-viajes.es
HALCON VIAJES- S.A.,halcon106@halcon-viajes.es
HALCON VIAJES- S.A.,halcon406@halcon-viajes.es
HALCON VIAJES- S.A.,halcon295@halcon-viajes.es
HALCON VIAJES- S.A.,halcon268@halcon-viajes.es
HALCON VIAJES- S.A.,halcon646@halcon-viajes.es
HALCON VIAJES- S.A.,halcon483@halcon-viajes.es
HALCON VIAJES- S.A.,halcon178@halcon-viajes.es
HALCON VIAJES- S.A.,halcon190@halcon-viajes.es
HALCON VIAJES- S.A.,halcon030@halcon-viajes.es
HALCON VIAJES- S.A.,halcon441@halcon-viajes.es
HALCON VIAJES- S.A.,halcon516@halcon-viajes.es
HALCON VIAJES- S.A.,halcon442@halcon-viajes.es
HALCON VIAJES- S.A.,halcon349@halcon-viajes.es
HALCON VIAJES- S.A.,halcon675@halcon-viajes.es
HALCON VIAJES- S.A.,halcon048@halcon-viajes.es
HALCON VIAJES- S.A.,halcon026@halcon-viajes.es
HALCON VIAJES- S.A.,halcon693@halcon-viajes.es
HALCON VIAJES- S.A.,halcon218@halcon-viajes.es
HALCON VIAJES- S.A.,halcon358@halcon-viajes.es
HALCON VIAJES- S.A.,halcon421@halcon-viajes.es
HALCON VIAJES- S.A.,halcon223@halcon-viajes.es
HALCON VIAJES- S.A.,halcon287@halcon-viajes.es
HALCON VIAJES- S.A.,halcon399@halcon-viajes.es
HALCON VIAJES- S.A.,halcon241@halcon-viajes.es
HALCON VIAJES- S.A.,halcon547@halcon-viajes.es
HALCON VIAJES- S.A.,halcon183@halcon-viajes.es
HALCON VIAJES- S.A.,halcon302@halcon-viajes.es
HALCON VIAJES- S.A.,halcon635@halcon-viajes.es
HALCON VIAJES- S.A.,halcon482@halcon-viajes.es
HALCON VIAJES- S.A.,halcon104@halcon-viajes.es
HALCON VIAJES- S.A.,halcon616@halcon-viajes.es
HALCON VIAJES- S.A.,halcon614@halcon-viajes.es
HALCON VIAJES- S.A.,halcon174@halcon-viajes.es
HALCON VIAJES- S.A.,halcon138@halcon-viajes.es
HALCON VIAJES- S.A.,halcon440@halcon-viajes.es
HALCON VIAJES- S.A.,halcon461@halcon-viajes.es
HALCON VIAJES- S.A.,halcon032@halcon-viajes.es
HALCON VIAJES- S.A.,halcon624@halcon-viajes.es
HALCON VIAJES- S.A.,halcon242@halcon-viajes.es
HALCON VIAJES- S.A.,halcon259@halcon-viajes.es
HALCON VIAJES- S.A.,halcon629@halcon-viajes.es
HALCON VIAJES- S.A.,halcon476@halcon-viajes.es
HALCON VIAJES- S.A.,halcon180@halcon-viajes.es
HALCON VIAJES- S.A.,halcon301@halcon-viajes.es
HALCON VIAJES- S.A.,halcon210@halcon-viajes.es
HALCON VIAJES- S.A.,halcon609@halcon-viajes.es
HALCON VIAJES- S.A.,halcon381@halcon-viajes.es
HALCON VIAJES- S.A.,halcon049@halcon-viajes.es
HALCON VIAJES- S.A.,halcon272@halcon-viajes.es
HALCON VIAJES- S.A.,halcon214@halcon-viajes.es
HALCON VIAJES- S.A.,halcon007@halcon-viajes.es
HALCON VIAJES- S.A.,halcon051@halcon-viajes.es
HALCON VIAJES- S.A.,halcon031@halcon-viajes.es
HALCON VIAJES- S.A.,halcon076@halcon-viajes.es
HALCON VIAJES- S.A.,halcon582@halcon-viajes.es
HALCON VIAJES- S.A.,halcon054@halcon-viajes.es
HALCON VIAJES- S.A.,halcon084@halcon-viajes.es
HALCON VIAJES- S.A.,halcon477@halcon-viajes.es
HALCON VIAJES- S.A.,halcon354@halcon-viajes.es
HALCON VIAJES- S.A.,halcon371@halcon-viajes.es
HALCON VIAJES- S.A.,halcon267@halcon-viajes.es
HALCON VIAJES- S.A.,halcon397@halcon-viajes.es
HALCON VIAJES- S.A.,halcon452@halcon-viajes.es
HALCON VIAJES- S.A.,halcon136@halcon-viajes.es
HALCON VIAJES- S.A.,halcon796@halcon-viajes.es
HALCON VIAJES- S.A.,halcon599@halcon-viajes.es
HALCON VIAJES- S.A.,halcon294@halcon-viajes.es
HALCON VIAJES- S.A.,halcon060@halcon-viajes.es
HALCON VIAJES- S.A.,halcon062@halcon-viajes.es
HALCON VIAJES- S.A.,halcon119@halcon-viajes.es
HALCON VIAJES- S.A.,halcon322@halcon-viajes.es
HALCON VIAJES- S.A.,halcon274@halcon-viajes.es
HALCON VIAJES- S.A.,halcon564@halcon-viajes.es
HALCON VIAJES- S.A.,halcon238@halcon-viajes.es
HALCON VIAJES- S.A.,halcon485@halcon-viajes.es
HALCON VIAJES- S.A.,halcon142@halcon-viajes.es
HALCON VIAJES- S.A.,halcon176@halcon-viajes.es
HALCON VIAJES- S.A.,halcon370@halcon-viajes.es
HALCON VIAJES- S.A.,halcon271@halcon-viajes.es
HALCON VIAJES- S.A.,halcon181@halcon-viajes.es
HALCON VIAJES- S.A.,halcon895@halcon-viajes.es
HALCON VIAJES- S.A.,halcon605@halcon-viajes.es
HALCON VIAJES- S.A.,halcon169@halcon-viajes.es
HALCON VIAJES- S.A.,halcon691@halcon-viajes.es
HALCON VIAJES- S.A.,halcon378@halcon-viajes.es
HALCON VIAJES- S.A.,halcon379@halcon-viajes.es
HALCON VIAJES- S.A.,halcon087@halcon-viajes.es
HALCON VIAJES- S.A.,halcon578@halcon-viajes.es
HALCON VIAJES- S.A.,halcon648@halcon-viajes.es
HALCON VIAJES- S.A.,halcon574@halcon-viajes.es
HALCON VIAJES- S.A.,halcon024@halcon-viajes.es
HALCON VIAJES- S.A.,halcon420@halcon-viajes.es
HALCON VIAJES- S.A.,halcon655@halcon-viajes.es
HALCON VIAJES- S.A.,halcon144@halcon-viajes.es
HALCON VIAJES- S.A.,halcon318@halcon-viajes.es
HALCON VIAJES- S.A.,halcon191@halcon-viajes.es
HALCON VIAJES- S.A.,halcon655@halcon-viajes.es
HALCON VIAJES- S.A.,halcon239@halcon-viajes.es
HALCON VIAJES- S.A.,halcon658@halcon-viajes.es
HALCON VIAJES- S.A.,halcon120@halcon-viajes.es
HALCON VIAJES- S.A.,halcon638@halcon-viajes.es
HALCON VIAJES- S.A.,halcon459@halcon-viajes.es
HALCON VIAJES- S.A.,halcon367@halcon-viajes.es
HALCON VIAJES- S.A.,halcon333@halcon-viajes.es
HALCON VIAJES- S.A.,halcon572@halcon-viajes.es
HALCON VIAJES- S.A.,halcon150@halcon-viajes.es
HALCON VIAJES- S.A.,halcon526@halcon-viajes.es
HALCON VIAJES- S.A.,halcon253@halcon-viajes.es
HALCON VIAJES- S.A.,halcon025@halcon-viajes.es
HALCON VIAJES- S.A.,halcon065@halcon-viajes.es
HALCON VIAJES- S.A.,halcon213@halcon-viajes.es
HALCON VIAJES- S.A.,halcon112@halcon-viajes.es
HALCON VIAJES- S.A.,halcon175@halcon-viajes.es
HALCON VIAJES- S.A.,halcon008@halcon-viajes.es
HALCON VIAJES- S.A.,halcon162@halcon-viajes.es
HALCON VIAJES- S.A.,halcon681@halcon-viajes.es
HALCON VIAJES- S.A.,halcon566@halcon-viajes.es
HALCON VIAJES- S.A.,halcon153@halcon-viajes.es
HALCON VIAJES- S.A.,halcon001@halcon-viajes.es
HALCON VIAJES- S.A.,halcon036@halcon-viajes.es
HALCON VIAJES- S.A.,halcon458@halcon-viajes.es
HALCON VIAJES- S.A.,halcon167@halcon-viajes.es
HALCON VIAJES- S.A.,halcon402@halcon-viajes.es
HALCON VIAJES- S.A.,halcon201@halcon-viajes.es
HALCON VIAJES- S.A.,halcon151@halcon-viajes.es
HALCON VIAJES- S.A.,halcon055@halcon-viajes.es
HALCON VIAJES- S.A.,halcon645@halcon-viajes.es
HALCON VIAJES- S.A.,halcon244@halcon-viajes.es
HALCON VIAJES- S.A.,halcon113@halcon-viajes.es
HALCON VIAJES- S.A.,halcon251@halcon-viajes.es
HALCON VIAJES- S.A.,halcon101@halcon-viajes.es
HALCON VIAJES- S.A.,halcon412@halcon-viajes.es
HALCON VIAJES- S.A.,halcon245@halcon-viajes.es
HALCON VIAJES- S.A.,halcon140@halcon-viajes.es
HALCON VIAJES- S.A.,halcon650@halcon-viajes.es
HALCON VIAJES- S.A.,halcon680@halcon-viajes.es
HALCON VIAJES- S.A.,halcon131@halcon-viajes.es
HALCON VIAJES- S.A.,halcon296@halcon-viajes.es
HALCON VIAJES- S.A.,halcon570@halcon-viajes.es
HALCON VIAJES- S.A.,halcon066@halcon-viajes.es
HALCON VIAJES- S.A.,halcon386@halcon-viajes.es
HALCON VIAJES- S.A.,halcon126@halcon-viajes.es
HALCON VIAJES- S.A.,halcon004@halcon-viajes.es
HALCON VIAJES- S.A.,halcon489@halcon-viajes.es
HALCON VIAJES- S.A.,halcon206@halcon-viajes.es
HALCON VIAJES- S.A.,halcon337@halcon-viajes.es
HALCON VIAJES- S.A.,halcon281@halcon-viajes.es
HALCON VIAJES- S.A.,halcon156@halcon-viajes.es
HALCON VIAJES- S.A.,halcon534@halcon-viajes.es
HALCON VIAJES- S.A.,halcon351@halcon-viajes.es
HALCON VIAJES- S.A.,halcon147@halcon-viajes.es
HALCON VIAJES- S.A.,halcon099@halcon-viajes.es
HALCON VIAJES- S.A.,halcon146@halcon-viajes.es
HALCON VIAJES- S.A.,halcon152@halcon-viajes.es
HALCON VIAJES- S.A.,halcon387@halcon-viajes.es
HALCON VIAJES- S.A.,halcon347@halcon-viajes.es
HALCON VIAJES- S.A.,halcon204@halcon-viajes.es
HALCON VIAJES- S.A.,halcon166@halcon-viajes.es
HALCON VIAJES- S.A.,halcon075@halcon-viajes.es
HALCON VIAJES- S.A.,halcon339@halcon-viajes.es
HALCON VIAJES- S.A.,halcon319@halcon-viajes.es
HALCON VIAJES- S.A.,halcon086@halcon-viajes.es
HALCON VIAJES- S.A.,halcon756@halcon-viajes.es
HALCON VIAJES- S.A.,halcon411@halcon-viajes.es
HALCON VIAJES- S.A.,halcon236@halcon-viajes.es
HALCON VIAJES- S.A.,halcon211@halcon-viajes.es
HALCON VIAJES- S.A.,halcon186@halcon-viajes.es
HALCON VIAJES- S.A.,halcon462@halcon-viajes.es
HALCON VIAJES- S.A.,halcon405@halcon-viajes.es
HALCON VIAJES- S.A.,halcon188@halcon-viajes.es
HALCON VIAJES- S.A.,halcon657@halcon-viajes.es
HALCON VIAJES- S.A.,halcon017@halcon-viajes.es
HALCON VIAJES- S.A.,halcon320@halcon-viajes.es
HALCON VIAJES- S.A.,halcon116@halcon-viajes.es
HALCON VIAJES- S.A.,halcon515@halcon-viajes.es
HALCON VIAJES- S.A.,halcon046@halcon-viajes.es
HALCON VIAJES- S.A.,halcon044@halcon-viajes.es
HALCON VIAJES- S.A.,halcon410@halcon-viajes.es
HALCON VIAJES- S.A.,halcon535@halcon-viajes.es
HALCON VIAJES- S.A.,halcon102@halcon-viajes.es
HALCON VIAJES- S.A.,halcon141@halcon-viajes.es
HALCON VIAJES- S.A.,halcon117@halcon-viajes.es
HALCON VIAJES- S.A.,halcon077@halcon-viajes.es
HALCON VIAJES- S.A.,halcon439@halcon-viajes.es
HALCON VIAJES- S.A.,halcon628@halcon-viajes.es
HALCON VIAJES- S.A.,halcon356@halcon-viajes.es
HALCON VIAJES- S.A.,halcon078@halcon-viajes.es
HALCON VIAJES- S.A.,halcon170@halcon-viajes.es
HALCON VIAJES- S.A.,halcon343@halcon-viajes.es
HALCON VIAJES- S.A.,halcon471@halcon-viajes.es
HALCON VIAJES- S.A.,halcon280@halcon-viajes.es
HALCON VIAJES- S.A.,halcon683@halcon-viajes.es
HALCON VIAJES- S.A.,halcon496@halcon-viajes.es
HALCON VIAJES- S.A.,halcon450@halcon-viajes.es
HALCON VIAJES- S.A.,halcon325@halcon-viajes.es
HALCON VIAJES- S.A.,halcon052@halcon-viajes.es
HALCON VIAJES- S.A.,halcon058@halcon-viajes.es
HALCON VIAJES- S.A.,halcon215@halcon-viajes.es
HALCON VIAJES- S.A.,halcon160@halcon-viajes.es
HALCON VIAJES- S.A.,halcon127@halcon-viajes.es
HALCON VIAJES- S.A.,halcon033@halcon-viajes.es
HALCON VIAJES- S.A.,halcon091@halcon-viajes.es
HALCON VIAJES- S.A.,halcon168@halcon-viajes.es
HALCON VIAJES- S.A.,halcon492@halcon-viajes.es
HALCON VIAJES- S.A.,halcon233@halcon-viajes.es
HALCON VIAJES- S.A.,halcon822@halcon-viajes.es
HALCON VIAJES- S.A.,halcon092@halcon-viajes.es
HALCON VIAJES- S.A.,halcon689@halcon-viajes.es
HALCON VIAJES- S.A.,halcon647@halcon-viajes.es
HALCON VIAJES- S.A.,halcon096@halcon-viajes.es
HALCON VIAJES- S.A.,halcon615@halcon-viajes.es
HALCON VIAJES- S.A.,halcon359@halcon-viajes.es
HALCON VIAJES- S.A.,halcon372@halcon-viajes.es
HALCON VIAJES- S.A.,halcon194@halcon-viajes.es
HALCON VIAJES- S.A.,halcon163@halcon-viajes.es
HALCON VIAJES- S.A.,halcon589@halcon-viajes.es
HALCON VIAJES- S.A.,halcon363@halcon-viajes.es
HALCON VIAJES- S.A.,halcon093@halcon-viajes.es
HALCON VIAJES- S.A.,halcon196@halcon-viajes.es
HALCON VIAJES- S.A.,halcon067@halcon-viajes.es
HALCON VIAJES- S.A.,halcon323@halcon-viajes.es
HALCON VIAJES- S.A.,halcon059@halcon-viajes.es
HALCON VIATGES,halcon622@halcon-viajes.es
HALCON-VIAJES ALCAMPO,halcon743@halcon-viajes.es
HALCON-VIAJES ALCAMPO,halcon742@halcon-viajes.es
HALCON-VIAJES ALCAMPO,halcon765@halcon-viajes.es
HALCON-VIAJES ALCAMPO,halcon704@halcon-viajes.es
HALCON-VIAJES ALCAMPO,halcon764@halcon-viajes.es
HALCON-VIAJES ALCAMPO,halcon730@halcon-viajes.es
HALCON-VIAJES ALCAMPO,halcon745@halcon-viajes.es
HALCON-VIAJES ALCAMPO,halcon739@halcon-viajes.es
HALCON-VIAJES ALCAMPO,halcon737@halcon-viajes.es
HALCON-VIAJES ALCAMPO,halcon738@halcon-viajes.es
HALCON-VIAJES ALCAMPO,halcon744@halcon-viajes.es
HALCON-VIAJES ALCAMPO,halcon766@halcon-viajes.es
HALCON-VIAJES ALCAMPO,halcon767@halcon-viajes.es
HALCON-VIAJES ALCAMPO,halcon751@halcon-viajes.es
HALCON-VIAJES ALCAMPO,halcon752@halcon-viajes.es
HALCON-VIAJES ALCAMPO,halcon749@halcon-viajes.es
HALCON-VIAJES ALCAMPO,halcon754@halcon-viajes.es
HALCON-VIAJES ALCAMPO,halcon755@halcon-viajes.es
HALCON-VIAJES ALCAMPO,halcon758@halcon-viajes.es
HALCON-VIAJES ALCAMPO,halcon759@halcon-viajes.es
HALCON-VIAJES ALCAMPO,halcon826@halcon-viajes.es
HALCON-VIAJES ALCAMPO,halcon729@halcon-viajes.es
HALCON-VIAJES ALCAMPO,halcon726@halcon-viajes.es
HALCON-VIAJES ALCAMPO,halcon736@halcon-viajes.es
HALCON-VIAJES ALCAMPO,halcon735@halcon-viajes.es
HALCON-VIAJES ALCAMPO,halcon731@halcon-viajes.es
HALCON-VIAJES ALCAMPO,halcon728@halcon-viajes.es
HALCON-VIAJES ALCAMPO,halcon732@halcon-viajes.es
HALCON-VIAJES ALCAMPO,halcon733@halcon-viajes.es
HALCON-VIAJES ALCAMPO,halcon734@halcon-viajes.es
HALCON-VIAJES ALCAMPO,halcon706@halcon-viajes.es
HALCON-VIAJES ALCAMPO,halcon707@halcon-viajes.es
HALCON-VIAJES ALCAMPO,halcon709@halcon-viajes.es
HAPIMAG ESPAÑA- S.A.,ferienziel.paguera@hapimag.com
HAPPY & CHEAP- S.L.,marivichozas@e-savia.net
HAPPY DIVER'S CLUB,peter@happy-divers-marbella.com
HAPPY HOLIDAY TOURS- S.A.,happyholidays@juniper.es
HAPPY LAND,marosachan@hotmail.com
HARD ROCK SPAIN- S.A.,madrid_reception@hardrock.com
HARO RENT A CAR,reservas@haro-rentacar.com
HARO RENTA A CAR,reservas@harorentacar.com
HASSO- S.A.,info@hasso-rentacar.com
HELADERIA DOLCEVITA,ilbuongelato@yahoo.es
HELADERIA DOS ANCLAS,ensolna@hotmail.com
HELADERIA HORCHATERIA LA MURA- S.L.,heladerialamura@yahoo.es
HELADERIA VAIVEN,simaga81@hotmail.com
HELADOS NAVIA- S.L.,NAVIAHELADOS@HOTMAIL.COM
HELBUR TRAVEL- S.L.L,bio-santaclara@barceloviajes.com
HELICE VIAJES- S.L.,ignacio.sanz@heliceviajes.com
HELIOPAL- S.A.,soncaliu@soncaliu.com
HELLE AUTO- S.A.,fuengirola@hellehollis.com
HELLE HOLLIS CAR RENTAL,bookings@hellehollis.com
HEMISFERIOS- S.L.,informacion@hemisferios.es
HEMISUR- S.L.,hemisur@hemisur.com
HERBERU- S.L.,herberu@herberu.com
HERCULES CLUB DE GOLF,info@herculesgolf.com
HEREDEROS DE MARTINEZ DE PINILLOS- S.A.,reservas@termaeuropa.com
HERGORA CATERING,hergora@hergora.com
HERMANOS ALARCON- S.A.,reservas@hoteldoncurro.com
HERMANOS BALDONERO- C.B.,hermanosbaldomero@gmail.com
HERMANOS DOMINGUEZ ALBA- S.L.,hermanosdominguezalba@hotmail.com
HERMANOS JUNCO- S.L.,hotelcasajunco@fade.es
HERMANOS MOLINER- S.L.,info@laespuela.net
HERMANOS SORIA DE AGUAS NUEVAS- S.L.,pubfriends@hotmail.com
HERMELOR- S.L.,info@chiringuitolamarea.es
HERNANDEZ GRANADOS AUGUSTO,comercial@viajesvertical.com
HERRAIZ MARTINEZ SERGI,lotusperez26@hotmail.com
HERRANZ- S.A.,catering@herranz.com
HERRERO MERLO ALFREDO,cafeteriaanifred@hotmail.com
HERTZ DE ESPAÑA- S.A.,info@hertz.es
HERVIDEROS DE COFRENTES- S.A.,reservas@balneario.com
HESPERIA PRESIDENTE,hotel@hesperia-presidente.com
HI HOTELS CADENA HOTELERA,comercial@hihotels.net
HIDIMAR- S.A.,dimar@hotel-dimar.com
HIDROMIEL- S.L.,info@catering-hidromiel.com
HIERRO 7,cristina@midasesores.com
HIGH TECH HOTELS & RESORTS,info@hthoteles.com
HIJOS DALGO,info@ruralcasa.com
HILTON INT.L HOTELS UK LIMITED SUC.L EN ESPAÑA,sales_barcelona@hilton.com
HILTON VALENCIA,events.valencia@hilton.com
HIMALAYA VENTURA  AGENCIA DEL VIAJE Y TOUR OPE.,aventura@ntc.net.np
HIPER RENT A CAR- S.A.,reservas@hiper-rentacar.com
HIPICA FORMENTOR,hipicaformentor@hotmail.com
HIPICA VENTA LA CAROLINA,hipicaventalacarolina1@gmail.com
HIPODROMO SON PARDO,info@hipodromsonpardo.com
HIPOTELS,info@hipotels.com
HIPOTELS ANDALUCIA,comercial_a@hipotels.com
HIPPO FINANTRAVEL- S.A.,g.granada@gocco.es
HISLA CRISTINA PALACE,reservas@islacristinapalace.com
HISPANIA,hotelhispania@hotelhispania.com
HISPANICO II,reservas@hostalhispanico2.com
HISPANO XU- S.L.,bomberxu@hotmail.com
HOBALI- S.A.,comercial@grupobali.com
HOLIDAY GOLF RENTA-CAR- S.L.,info@holiday-golf.com
HOLIDAY WORLD,marketing@holidayworld-maspalomas.es
HOLIDAYS TOURS,jesus.turhotel@gmail.com
HOLYMARTOUR- S.L.,uni.holymar@unida.com
HOME CHEF,pedidos@h-chef.com
HÔME YOUTH HOSTEL,youthhostel@likeathome.net
HOOPONO,hooponocambrils@yahoo.es
HOPARK- S.A.,oasispark@ghthotels.com
HOPPER- GEORGE,hopcris@yahoo.es
HOQ AHMED AZIZUL,ahoq@yahoo.es
HORACIO ALONSO BOTO,info@restaurantehoracio.com
HORADADA VIAJES,horadada@horadadaviajes.es
HORIZONTES AVENTURA- S.L.,info@horizontesaventura.com
HORNO ARTESANO- S.L.,catering@hornoartesano.com
HORNO SAN LORENZO,info@hornosanlorenzo.com
HORSE ARABIAN BALEAR- S.A.,ingalilmartensson@yahoo.es
HORT DE CALUSI,info@hortdelkalausi.com
HORT DE GERARD-B,hortdegerard@hotmail.com
HORT DE MAO. EL REBOST,hortdemao@hotmail.es
HORWATH CONSULTING,comunicacion@horwathhtl.com
HOSPEDAJE DON PELAYO,info@hostaldonpelayo.com
HOSPEDAJE RURAL MANUEL,hospedajemanuel@hotmail.com
HOSPEDAJES RURALES EN PARQUES NATURALES- S.L.,hrural@caymasa.es
HOSPEDAXE A VILA,j.riveiro@hotmail.com
HOSPEDERIA CASA DEL MARQUES,info@lacasadelmarques.info
HOSPEDERIA CASAS DE LUJAN SIGLO XVI,casasdelujan@hotmail.com
HOSPEDERIA CONVENTO DE LA PARRA,convento@laparra.net
HOSPEDERIA CONVENTO LAS TRINITARIAS,trinitarias2@hotmail.com
HOSPEDERIA DE LEYRE,info@monasteriodeleyre.com
HOSPEDERIA DE LOARRE- S.L.,info@hospederiadeloarre.com
HOSPEDERIA DEL ATALIA,clientes@hospederiadelatalia.com
HOSPEDERIA DEL DESIERTO,hospederiatabernas@hotmail.com
HOSPEDERIA DEL DESIERTO,calatrava@hotmail.es
HOSPEDERIA DEL ZENETE- S.L.,info@hospederiadelzenete.com
HOSPEDERIA FUENTENUEVA,fuentenueva@fuentenueva.com
HOSPEDERIA HOTEL SEÑORIO DE BRIÑAS,info@apartamentosconencanto.com
HOSPEDERIA LA VENTA,hotel@bodegalaventa.com
HOSPEDERIA MIRADOR DE LLERENA,recepcion-llerena@hospederiasdeextremadura.es
HOSPEDERIA PARQUE DE MONFRAGUE,info@hotelsmadbar.com
HOSPEDERIA PRINCESA ELIMA,hospederiaprincesaelima@hotmail.com
HOSPEDERIA PUENTE DE ALCONETAR,hospederiapuentedealconetar@gmail.com
HOSPEDERIA REAL DE BEJAR,info@hospederiarealdebejar.com
HOSPEDERIA REINA DE LOS ANGELES,info@hospederiareinadelosangeles.com
HOSPEDERIA RURAL EL MOLINO DEL RIO ARGOS,molinodelrio@molinodelrio.com
HOSPEDERIA SEÑORIO DE BRIÑAS,info@hotelesconencantodelarioja.com
HOSPEDERIA VALLE DEL JERTE,mariaferhvj@yahoo.es
HOSPITAL DE BENASQUE 2000- S.L.,info@llanosdelhospital.com
HOSPITALITY,info@hospitality.es
HOST OPERATING- S.L.,reservations.palacemadrid@westin.com
HOSTAL,info@hostallascantigas.es
HOSTAL,Banquetes@restaurantesotopalacios.es
HOSTAL - CAFETERIA TIC TAC **,diego_clopez@hotmail.com
HOSTAL  RESTAURANTE ACUARIO,hostal.acuario@gmail.com
HOSTAL ACELLA,info@hostalacella.com
HOSTAL AGUILAR,aguilar@hostalaguilar.com
HOSTAL AGUSTI,nmontaes@yahoo.es
HOSTAL AIRIÑOS,fernando@movidagalega.com
HOSTAL ALBA,alba_hotel@yahoo.es
HOSTAL ALCOBIA,alcobia@andalunet.com
HOSTAL ALJIBILLOS,hostalaljibillos@wanadoo.es
HOSTAL AMERICA,hostalamerica@hotmail.com
HOSTAL ANDORRA,andorra@arrakis.es
HOSTAL ANIBAL MEDITERRANEO,hostalanibal_ibiza@hotmail.com
HOSTAL APARTAMENTOS ABRIL,info@hostalabril.com
HOSTAL ARIBAU,info@hostalaribau.com
HOSTAL ASUNCION,hostalasuncion@hotmail.com
HOSTAL ATLANTICO- S.A.,email@hotelatlanticovigo.com
HOSTAL AUDE,reserva@hostalaude.com
HOSTAL BADAJOZ,reservas@hotelhuertahonda.com
HOSTAL BALER **,hostalbaler@hostalbaler.com
HOSTAL BELLAVISTA,info@bellavistaordesa.com
HOSTAL BISBAL,hostalbisbal@hotmail.com
HOSTAL BUENOS AIRES,prbuenosaires@mundo-r.com
HOSTAL BUENOS AIRES,buenosaires@pallarsjussa.net
HOSTAL CA LA MARIA,restaurantcalamaria@hotmail.com
HOSTAL CAFETERIA VIRGINIA,reservas@hotelvirginia.net
HOSTAL CALDERON,info@hostalcalderon.net
HOSTAL CAN BASSALIS,canbassalis@hotmail.com
HOSTAL CAN CAROL,info@hostalcancarol.com
HOSTAL CAN GATELL,cangatell@hotmail.com
HOSTAL CAN PALOL,hostalcanpalol@yahoo.es
HOSTAL CAN TIU,cantiu@bitel.es
HOSTAL CANTABRICO,recepcion@hostalcantabrico.com
HOSTAL CAPADOCIA,reservas@hostalcapadocia.es
HOSTAL CAPRI,callelarios@hotmail.com
HOSTAL CASA CAMBRA,info@morillodetou.com
HOSTAL CASA GRANDE,hostalgrande@sierradegudar.com
HOSTAL CASA PACO,info@casapaco.com
HOSTAL CASA TARANO,pensiotarano@can-tarano.com
HOSTAL CASTELLOTE,hoscas@arrakis.es
HOSTAL CASTILLA,hcastilla.3064@cajarural.com
HOSTAL CASTRO,pilar@mercamicro.es
HOSTAL CENTRAL BARCELONA,info@hostalcentralbarcelona.com
HOSTAL CENTRO,reservas@hostal-centro.net
HOSTAL CENTRO LA MUELA,hostalcentro@gmail.com
HOSTAL CEREZO,hcerezo@de.com
HOSTAL CERVANTES,correo@hostal-cervantes.com
HOSTAL CONCHITA II,reservas@hostalconchitaii.com
HOSTAL CONTINENTAL,continental@mundivia.es
HOSTAL COSTA,monsieurpontorier@hotmail.com
HOSTAL COSTA BELLA,hcostabella@mixmail.com
HOSTAL COSTA BLANCA,reservas@hostalcostablanca.com
HOSTAL COSTA DE LA LUZ,h.costadelaluz@telefonica.net
HOSTAL CUATRO CAMINOS,hostal@hostalcuatrocaminos.com
HOSTAL CUBA,hostalcuba@yahoo.es
HOSTAL DE LA GAVINA,gavina@lagavina.com
HOSTAL DE LA PLAÇA,info@hostaldecabrils.com
HOSTAL DE LA TRUCHA,latrucha@gargallo-hotels.com
HOSTAL DE SAL,www.cofac.266@cofac.es
HOSTAL DEL CAMP - SERVEI DE CATERING,hostaldelcamp@hostaldelcamp.com
HOSTAL DEL CARMEN,info@hostaldelcarmen.com
HOSTAL DEL CASTELL DE GIMENELLES,info@gimenelles.com
HOSTAL DEL MAR,delmar@gargallo-hotels.com
HOSTAL D'ELLER,hostaleller@hotmail.com
HOSTAL DON DIEGO,info@hostaldondiego.com
HOSTAL DOÑA ISABEL,reservas@hostalisabel.com
HOSTAL DOÑA JUANA,reservas@hostaldjuana.com
HOSTAL DOS NACIONES,info@hostaldosnaciones.com
HOSTAL EDEN II,hostaleden@hotmail.com
HOSTAL EKAITZA,ekaitza@infonegocio.com
HOSTAL EL ALMADIERO,hotelalmadiero@gmail.com
HOSTAL EL ALTET,info@hostalelaltet.com
HOSTAL EL ANCLA,reservas@hotelelancla.net
HOSTAL EL CARRIL,hostalcarril@hotmail.com
HOSTAL EL CAZADOR,hostalelcazadorhinojosa@hotmail.com
HOSTAL EL FARO,hostalelfaro@hostalelfaro.es
HOSTAL EL HIDALGO,informacion@el-hidalgo.com
HOSTAL EL MIRADOR,mirador@masbytes.com
HOSTAL EL PALACIO,info@frimols.com
HOSTAL EL PILAR- S.A.,hotelelpilar@hotelelpilar.com
HOSTAL EL PORTAL,aldo-lu@hotmail.com
HOSTAL EL PUTXET,hostalputxet@hostalputxet.com
HOSTAL EL RINCON DE GALA,info@elrincondegala.com
HOSTAL EL RINCON DE SITO,rincondesito@gmail.com
HOSTAL EL TIO MATEO,info@eltiomateo.com
HOSTAL EL TRIUNFO,info@htriunfo.com
HOSTAL EL VAL,reservas@hostalelval.com
HOSTAL EMILIA,hostal@laemilia.com
HOSTAL ES PORT,info@hotelesport.com
HOSTAL ESPAÑA,hespanha@trives.com
HOSTAL ESTRELLA,hostalestrella@hostalestrella.com
HOSTAL ETXEBERRI,info@hostaletxeberri.com
HOSTAL EXCELSIOR,info@hostalexcelsior.es
HOSTAL FELIPE II,hostalfelipe2@lasguias.com
HOSTAL FENIX,hostalfenix@gmail.com
HOSTAL FERRER,ferrer@ibiza-hotelrooms.com
HOSTAL FONTANELLA,barcelona@hostalfontanella.com
HOSTAL FORUM,hostalforum@telefonica.net
HOSTAL FRANCISCO ALFEREZ,hostalfranciscoalferez@hotmail.com
HOSTAL GALICIA,hostalgalicia-pinet@hotmail.com
HOSTAL GALLARDO,info@hostalgallardo.com
HOSTAL GAUDI,info@dormirencuenca.com
HOSTAL GEIS,restaurantisern@hotmail.com
HOSTAL GOYA,info@hostalgoya.com
HOSTAL HISPANO,info@hostalhispano.com
HOSTAL HISPANO ARGENTINO,info@hispano-argentino.com
HOSTAL HORIZONTE,info@hostalhorizonte.com
HOSTAL ILLES PITIÜSES,info@illespitiuses.com
HOSTAL INTERNACIONAL,contacto@hostalinternacional.com
HOSTAL IRUÑAKO,reservas@irunako.es
HOSTAL JAUSORO,hjausoro@euskalnet.net
HOSTAL JUME,administrador@hostaljume.com
HOSTAL KATIA,katiarestaurante@hotmail.com
HOSTAL L' ARGOLLA,argolla.hotel.restaurant@gmail.com
HOSTAL LA BARCA,labarca@minorisa.es
HOSTAL LA BASILICA,info@hotelbasilica.com
HOSTAL LA CALZADA,info@hostallacalzada.com
HOSTAL LA CISTERNIGA- S.L.,cisternigahostal@hotmail.com
HOSTAL LA FUENTE,info@hostallafuente.com
HOSTAL LA MARAVILLOSA,hotelmaravillosa@infonegocio.com
HOSTAL LA MEZQUITA,lamezquitanegreira@hotmail.com
HOSTAL LA MOYAREJA,hostallamoyareja@hotmail.com
HOSTAL LA MURALLA,hostalmuralla@yahoo.es
HOSTAL LA NAU,info@lanaugay.com
HOSTAL LA PEDRESINA,pedresina@blatta.com
HOSTAL LA PERLA,reservas@hostallaperla.com
HOSTAL LA TORRE II,info@hrlatorre.com
HOSTAL LA VILLA,hostallavillaconil@gmail.com
HOSTAL LA VITORINA,wifredo.3017@cajarural.com
HOSTAL LAS ACACIAS,info@lasacaciashr.com
HOSTAL LAS GALIAS,correo@hostallasgalias.com
HOSTAL LAS NIEVES,info@hostallasnieves.com
HOSTAL LAS PALMERAS,info@hostallaspalmeras.com
HOSTAL LESSEPS,info@hostallesseps.com
HOSTAL LEVANTE,info@hostallevante.com
HOSTAL LIEBANA- S.C.,hliebana@ceoecant.es
HOSTAL LOPEZ,reservations@hostallopez.com
HOSTAL LOS CALAOS DE BRIONES,info@loscalaosdebriones.com
HOSTAL LOS GAVILANES II,gavilanestoledo@hotmail.com
HOSTAL LOS PINOS,pensionlospinos@hotmail.com
HOSTAL LOS PUENTES,hostallospuentes@jaimemm.com
HOSTAL LUCY,hostal-lucy@hotmail.com
HOSTAL M. RONDA,reservas@hostalmronda.com
HOSTAL MANZANERA,reservas@hostalmanzanera.com
HOSTAL MAR DE FRENTE,info@hotelmardefrente.com
HOSTAL MARACAIBO,mai.bo@telefonica.net
HOSTAL MARE NOSTRUM,hostal@hostalmarenostrum.com
HOSTAL MARIBEL,hostalmaribel@telefonica.net
HOSTAL MARLASCA,correo@hostalmarlasca.net
HOSTAL MARY,hostalmary@hostalmary.com
HOSTAL MESON EL REY,olocaudelrey_alc@gva.es
HOSTAL MESON HUESO,reserva@hostalhueso.com
HOSTAL MI CAMPAÑA,info@micampanya.com
HOSTAL MIGUEL,hostalmiguel@gmail.com
HOSTAL MILLAN,info@hotelmillan.com
HOSTAL MITJORN,tonijurat@yahoo.es
HOSTAL MONLLEO,reservas@balneariovillavieja.com
HOSTAL MONT ROYAL,correo@complejomontroyal.com
HOSTAL MONTECARLO,montecarlo233@hotmail.com
HOSTAL MONTORIO,hostalmontorio@hostalmontorio.com
HOSTAL MORENO,hostalmoreno@hostalmoreno.com
HOSTAL NAVIA CATALINA LOMBARDERO CANCELOS,hostalnavia@hotmail.com
HOSTAL NAYA,info@hostalnaya.com
HOSTAL NEGRESCO,negresco@partner-hotels.com
HOSTAL NERJASOL,info@hostalnerjasol.com
HOSTAL NEVADA,hostalnevada@gmail.com
HOSTAL NEVOT,reservas@welcometospain.net
HOSTAL NILO,info@tuhostal.com
HOSTAL NOGUERA,info@hostalnoguera.es
HOSTAL NORIEGA,hnoriega@infonegocio.com
HOSTAL NOU DE CRESPIA,info@hostalnou.net
HOSTAL NUMANTINA,hostal.numantina@gmail.com
HOSTAL NURIA,hsnuria@arrakis.es
HOSTAL OBISPO,info@multiaventurabuendia.com
HOSTAL OLIVA,hostaloliva@lasguias.com
HOSTAL ORION,cesarf@ceoecant.es
HOSTAL ORLEANS,contact@hostalorleans.com
HOSTAL OSIO,info@hostalosio.com
HOSTAL PALOMARES,info@hostalpalomares.com
HOSTAL PARAISO,hostal.paraiso@hotmail.com
HOSTAL PARELLADES,hostalparellades@hotmail.com
HOSTAL PARQUE NATURAL,reservas@hostalparquenatural.com
HOSTAL PAS DE LA PERA,info@pasdelapera.com
HOSTAL PENSION OLIMPIA,info@hostalcastelldefels.com
HOSTAL PILAR,josefonda79@hotmail.com
HOSTAL PLATJA PALAFRUGELL,hostalplaja@telefonica.net
HOSTAL PLAYA,info@hotel-playa.com
HOSTAL PLAZA D'ORT,info@plazadort.com
HOSTAL PLAZA MAYOR,hostalplazamayor@hotmail.com
HOSTAL POSADA ENTREVIÑAS,hostal@posadaentrevinas.com
HOSTAL PRINCIPADO,hostalprincipadomadrid@yahoo.es
HOSTAL PUENTE DEVA,consultas@hostalpuentedeva.com
HOSTAL PUERTA DEL SOL,informacion@alojamientosvigo.com
HOSTAL PUERTO DE VIGO,hostalpuertodevigo@gmail.com
HOSTAL QUEVEDO,recepcion@hostalquevedoleon.com
HOSTAL RAMON Y CAJAL,hostalramonycajal@ono.com
HOSTAL RAMOS,hostalramos@hotmail.com
HOSTAL REAL,hostalreal@hostalreal.com
HOSTAL RESIDE¨NCIA EUROPA,hostalresidenciaeuropa@hotmail.com
HOSTAL RESIDENCIA BARCELONA,silmoshostalbarcelona@gmail.com
HOSTAL RESIDENCIA EOLO,hotel.eolo@hspollensa.com
HOSTAL RESIDENCIA JENI,hjeni@infotelecom.es
HOSTAL RESIDENCIA MENURKA,menurka@menurka.com
HOSTAL RESIDENCIA NADAL,hostalresinadal@wanadoo.es
HOSTAL RESTAURANTE CARMELO,hostalcarmelo@hotmail.com
HOSTAL RESTAURANTE CASA MARINO- S.L.,administrador@restaurantecasamarino.com
HOSTAL RESTAURANTE JULIAN,reservas@hostaljulian.com
HOSTAL RESTAURANTE JULIO,hostaljulio@hotmail.com
HOSTAL RESTAURANTE LAS VEGAS,hslasvegas@hotmail.com
HOSTAL RESTAURANTE MIJINA,hostalrestaurante@mijina.es
HOSTAL RESTAURANTE ROGELIO,info@restauranterogelio.com
HOSTAL RESTAURANTE TEIDE,hteide@hteide.com
HOSTAL RESTAURANTE TRUJILLO,hostaltrujillo@gmail.com
HOSTAL RIC,info@hostal-ric.com
HOSTAL RICE- S.A.,hotelrice@hotelrice.com
HOSTAL RINCON DE EMILIO,rincondeemilio@lospirineos.com
HOSTAL RIO ARA,contacto@hostalrioara.com
HOSTAL RIOJA CONDESTABLE,hosrioja@fer.es
HOSTAL RIOTUERTO,hriotuerto@yahoo.es
HOSTAL RIVERA,hostalrivera@arrakis.es
HOSTAL ROMA CAMPING,campingroma@wanadoo.es
HOSTAL RURAL IRIGOIENEA,reservas@irigoienea.com
HOSTAL RURAL LA CABALLERIZA,lacaballerizademalpartida@hotmail.com
HOSTAL RURAL SANTA MARIA,santamaria@taull.com
HOSTAL RUSO,hostalruso@gmail.com
HOSTAL SA PAISSA,sapaissa@sapaissa.com
HOSTAL SA VOLTA,info@savolta.com
HOSTAL S'ALGARET,reservas@hostal-salgaret.com
HOSTAL SAN BARTOLOME,info@hostalsanbartolome.com
HOSTAL SAN FRANCISCO- C.B.,booking@hsanfranciscocalador.com
HOSTAL SAN GLORIO,hostal@sanglorio.com
HOSTAL SAN LUIS,rhsanluis@yahoo.es
HOSTAL SAN MIGUEL,info@hostalsanmiguel.com
HOSTAL SAN PATIEL,tita@hostalsanpatiel.com
HOSTAL SANCHO IV- S.L.,reservas@hostalsanchoiv.com
HOSTAL SANT JOAN,hostalsantjoan@ono.com
HOSTAL SANTA BARBARA,wifredo.3017@cajarural.com
HOSTAL SANTA CRUZ,info@hostalsantacruz.es
HOSTAL SANTA FE,hostalsantafe@tutopia.com
HOSTAL SANTA ISABEL,info@hostalsantaisabel.es
HOSTAL SANTA MARIA,SANTAMARIA20SL@HOTMAIL.COM
HOSTAL SANTA MARIA,hostalsantamaria@gmail.com
HOSTAL SANTA MARIA D'OLO,hostal@hostalsantamaria.com
HOSTAL SANTA TERESA,info@hostalsantateresa.com
HOSTAL SANTAMARINA,javierhermida@hotmail.com
HOSTAL SANTILLAN,santillan64@hotmail.com
HOSTAL SASONDO,info@hotelesruralesnavarra.es
HOSTAL SAVOY,savoy@hostalsavoy.com
HOSTAL SILVA,hostalsilva@hsilva.com
HOSTAL SOL CRISTINA,hostal@sol-cristina.com
HOSTAL SOLERA,hrsolera@hotmail.com
HOSTAL SONSOLES,sonsoles@hostalsonsodesa.com
HOSTAL SOTOPALACIOS,contacto@restaurantesotopalacios.es
HOSTAL TAFALLA,info@hostaltafalla.com
HOSTAL TERMINUS,hostalterminus@hotmail.com
HOSTAL TIJCAL,spain@hostaltijcal.com
HOSTAL TOKIO,reservas@hostaltokio.com
HOSTAL TOLEDANO VICTORIA,hostaltoledano@grupotoledano.com
HOSTAL TORREJON- S.L.,reservas@hotelaida.com
HOSTAL TRES CANTOS,info@hostaltrescantos.es
HOSTAL TRIANA,hostaltriana@nauta.es
HOSTAL VALL D'ANEU,hostal@hostalvalldaneu.com
HOSTAL VALLS,hostalvalls@telefonica.net
HOSTAL VENECIA,reservas@hotelvenecia.com
HOSTAL VERACRUZ,info@pensionveracruz.com
HOSTAL VIDALLER,hostal@vidaller.com
HOSTAL VILLA COLUMBUS,info@villacolumbus.com
HOSTAL VIRGEN DE LA HOZ,info@hostalvirgendelahoz.com
HOSTAL VISTA ALEGRE,sugerencias@hvista-alegre.com
HOSTAL VORAMAR,reservas@hostalvoramar.com
HOSTAL WAKSMAN,hostalwaksman@hotmail.com
HOSTAL YA,hostal@hostalya.e.telefonica.net
HOSTAL YAMARIES,hospederiayamaries@yahoo.es
HOSTAL ZURITA,pensionzurita@gmail.com
HOSTALET 1701,info@hostalet1701.com
HOSTAL-RESTAURANTE-CAFETERIA MARISSAL,marissal@marissal.e.telefonica.net
HOSTALUZ,info@hostaluz.com
HOSTELERA CASTELLANA- S.A.,reservas@hosteriadelmar.net
HOSTELERIA ASTURIANA- S.A.,reconquista@hoteldelareconquista.com
HOSTELERIA CANARIA INTERNACIONAL- S.A.,eugeniavictoria@bullhotels.com
HOSTELERIA GRANADINA SOCIEDAD ANONIMA,joyeriasaneloy@joyeriasaneloy.com
HOSTELERIA GRUPO- S.A.,sagrariogm@hosteleriagrupo.com
HOSTELERIA LA CARTUJA,restaurante@lacartuja-elpuig.com
HOSTELERIA LA COLONIA,fpalmera@proasacordoba.es
HOSTELERIA MAN BOF,hosteleriaman-bof@ono.com
HOSTELERIA MORELLANA- S.L.,info@hotelelcidmorella.com
HOSTELERIA OLIVENTINA DOSCA,hosteleria_dosca@hotmail.com
HOSTELERIA UNIDA DOS- S.A.,hotelimperialtarraco@husa.es
HOSTELERIA UNIDA- S.A.,comercial@husa.es
HOSTELERIA Y COLECTIVIDADES- S.A.,hoycosa@hoycosa.com
HOSTELOESTE- S.L.,expansion@bocaditosytapas.com
HOSTERIA AYALA BERGANZA,ayalaberganza@partner-hotels.com
HOSTERIA CAÑETE,hosteria@hosteria.com
HOSTERIA CATALANA,info@hotelhosteriacatalana.com
HOSTERIA CA'TECHU,r_catechu@catechu.e.telefonica.net
HOSTERIA DE LAS MONJAS,info@hosteriadelasmonjas.com
HOSTERIA DE LOS PALMEROS,restaurante@hosteriadelospalmeros.com
HOSTERIA DE MONT SANT,mont-sant@mont-sant.com
HOSTERIA DEL ESTUDIANTE,alcala@parador.es
HOSTERIA DEL LAUREL- S.L.,host-laurel@infonegocio.com
HOSTERIA DEL MAR,informacion@hosteriadelmar.net
HOSTERIA DEL MONASTERIO DE SAN MILLAN,hosteria@sanmillan.com
HOSTERIA GRAU,reservas@hostalgrau.com
HOSTERIA LOS GALAYOS,losgalayos@losgalayos.com
HOSTERIA MARI PAZ,info@hosteriamaripaz.com
HOSTES- S.L.,lebanquet@castellarnau.com
HOT SHOTS PAINT BALL,toni@tonimas.com
HOTAL MARTE,hotelmarte@infonegocio.com
HOTANSA,hotels@hotansa.com
HOTE LOUZO,augadoce@hotellouzao.com
HOTEADEJE- S.L.,torviscas.playa@iberostar.com
HOTEL - APARTAMENTOS MARITIMO RIS,info@maritimorishotel.com
HOTEL - APARTAMENTOS TEIDE MAR,aptosteidemar@telefonica.net
HOTEL  CAL BATISTA,info@calbatista.com
HOTEL  CAN BONASTRE,events@canbonastre.com
HOTEL  CAN PRAT,info@hotelcanprat.com
HOTEL  CAN XIQUET,info@canxiquet.com
HOTEL  COSTA BRAVA,info@hotelcostabrava.com
HOTEL  EL CURRO,info@hotelelcurro.es
HOTEL  HISTORIC,info@hotelhistoric.com
HOTEL  LA CASA DEL CALIFA,hotel@vejer.com
HOTEL  LA RIERA,info@lariera.es
HOTEL  MIRALLES,info@hotelmiralles.com
HOTEL  MOLI PARK,info@hotelelmoli.es
HOTEL  MONESTIR,info@hotelmonestir.com
HOTEL  PORT SALINS,info@hotelportsalins.com
HOTEL - RESTAURANTE "LA FRONTERA ",rchurrasco@tiservinet.es
HOTEL  SANCHO ABARCA,robertopac82@gmail.com
HOTEL  SINDHURA,reservas@hotelsindhura.com
HOTEL - SPA CONVENTO LAS CLARAS,info@hotelconventolasclaras.com
HOTEL  TALL DE CONILL,talldeconill@talldeconill.com
HOTEL  TOP ROYAL STAR,royalstar@htophotels.com
HOTEL  TORRE MARTI,hoteltorremarti@yahoo.es
HOTEL  VALL FOSCA,info@hotelvallfosca.com
HOTEL  VILLA RETIRO,villaretiro@grupjfebrotels.com
HOTEL & SPA EL MIRADOR DE ULZAMA,info@elmiradordeulzama.com
HOTEL 1948 MANRESA,info@1948hotel.com
HOTEL 4 HERMANOS,cuatrohermanos@telefonica.net
HOTEL 525,hotel@525.es
HOTEL 7 CORONAS- S.A.,silken7coronas@hoteles-silken.com
HOTEL A BOIRA,info@hotelaboira.com
HOTEL A PEDRA,correo@hotelapedra.com
HOTEL A. GALETAMAR,hotel@galetamar.com
HOTEL AB VILADOMAT,viladomat@abhoteles.com
HOTEL ABACERIA,abaceria@hotelabaceria.com
HOTEL ABAD TOLEDO,info@hotelabad.com
HOTEL ABADES DE SANTA LUCIA,abades@abades.com
HOTEL ABALON,abalon@mediumhoteles.com
HOTEL ABANDO,abando@aranzazu-hoteles.com
HOTEL A'BARQUIÑA,hotel@abarquina.com
HOTEL ABBA ACTEON,acteon@abbahoteles.com
HOTEL ABBA BURGOS,cci-burgos@abbahoteles.com
HOTEL ABBA FONSECA,fonseca@abbahoteles.com
HOTEL ABBA GARDEN,garden@abbahoteles.com
HOTEL ABBA REINO DE NAVARRA,reino-de-navarra@abbahoteles.com
HOTEL ABBA SANTS,abbahoteles@abbahoteles.com
HOTEL ABEN HUMEYA,abenhumeya@hoteles-ma.es
HOTEL ABETOS,hotelabetos@torla.com
HOTEL AC BARCELONA,acbarcelona@ac-hotels.com
HOTEL AC CIUDAD DE SEVILLA,csevilla@ac-hotels.com
HOTEL AC CIUDAD DE TOLEDO,ctoledo@ac-hotels.com
HOTEL AC CIUDAD DE TUDELA,ctudela@ac-hotels.com
HOTEL AC CORDOBA,accordoba@ac-hotels.com
HOTEL AC GIJON- LOS FERRANES,acgijon@ac-hotels.com
HOTEL AC GUADALAJARA,acguadalajara@ac-hotels.com
HOTEL AC IRLA,acirla@ac-hotels.com
HOTEL AC LOS ENLACES,aclosenlaces@ac-hotels.com
HOTEL AC PALACIO DE SANTA PAULA,psantapaula@ac-hotels.com
HOTEL AC PALACIO DEL RETIRO,pretiro@ac-hotels.com
HOTEL AC SANTO MAURO,santo-mauro@ac-hotels.com
HOTEL AC TARRAGONA,actarragona@ac-hotels.com
HOTEL AC VITORIA SUITES,acvictoriasuites@ac-hotels.com
HOTEL ACACIAS,acacias@sambahotels.com
HOTEL ACEVI VILLARROEL,villaroel@acevihotels.com
HOTEL ACTA DEL CARMEN,delcarmen@actahotels.com
HOTEL ACTUAL,info@hotelactual.com
HOTEL ACUARIO,res.acuario@hotelesglobales.com
HOTEL ADAGIO,book@adagiohotel.com
HOTEL AD-HOC,adhoc@adhochoteles.com
HOTEL AD-HOC PARQUE,adhocparque@adhochoteles.com
HOTEL ADSERA,hotel@hoteladsera.com
HOTEL AFAN DE RIVERA,info@hotelafanderivera.com
HOTEL AGIR,info@hotelagir.com
HOTEL AGROTURISMO ES QUATRE CANTONS,info@esquatrecantons.es
HOTEL AGUADULCE,info@aguadulcemirablau.com
HOTEL AGUAIT- S.A.,davimar@mallorcaonline.com
HOTEL AGÜERA,hotelaguera@telecable.es
HOTEL AGUMAR,hotelagumar@h-santos.es
HOTEL AIGUA BLAVA- S.A.,hotelaiguablava@aiguablava.com
HOTEL AIGUACLARA,aiguaclara@aiguaclara.com
HOTEL AITANA,hotelaitana@hotelaitana.com
HOTEL AKELARRE OSTATUA,akelarre@hotelakelarre.com
HOTEL AL ANDALUS,lorenzor@tiservinet.es
HOTEL AL QUINTA PARK,info@laquintaparksuites.com
HOTEL AL SUR DE CHIPIONA,info@hotelalsur.com
HOTEL ALABARDERO,hotel.alabardero@esh.es
HOTEL ALAHUAR,alahuar@hotelesposeidon.com
HOTEL ALAMAR,pensioalamar@hotmail.com
HOTEL ALAMEDA PALACE,recepcion@hotelalamedapalace.com
HOTEL ALARDE,webmaster@cherrytel.com
HOTEL ALAY- S.A.,alay@activanet.es
HOTEL ALBA,alba@prinsotel.es
HOTEL ALBAHIA,hotelalbahia@albahia.com
HOTEL ALBAIDA,informacion@hotelalbaida.com
HOTEL ALBAMANJON,hotel@albamanjon.net
HOTEL ALBATROS,hotelalbatros@ceoecant.es
HOTEL ALBERO,hotel@hotelalbero.com
HOTEL ALBERO LODGE,info@alberolodge.com
HOTEL ALBIR PLAYA,reservas@albirplayahotel.com
HOTEL ALBONS,hotel@hotelalbons.com
HOTEL ALBORAN,algeciras@hotelesalboran.com
HOTEL ALBORAN CHICLANA,chiclana@hotelesalboran.com
HOTEL ALBRET,reservas@hotelalbret.net
HOTEL ALCAZAR,hotelalcazar@hotelalcazar.com
HOTEL ALCAZAR DE LA REINA,alcazar-reina@alcazar-reina.es
HOTEL ALCOMAR,hotelalcomar@fade.es
HOTEL ALCUDIA,hotelalcudia@eixhotels.com
HOTEL ALDEA DEL TRASGU,info@ribadesellaturismorural.com
HOTEL ALEGRET,info@hotelalegret.com
HOTEL ALEXANDRA,hotel@ah-alexandra.com
HOTEL ALFA PENEDES- S.A.,direccion@alfapenedes.com
HOTEL ALFONSO I,reservas@halfonsoprimero.com
HOTEL ALGA,alga@novarahotels.com
HOTEL ALHAMA,reservas@hotelalhama.com
HOTEL ALHAMBRA,hotelalhambra@hotelalhambra.net
HOTEL ALHAMBRA PALACE- S.A.,reservas@h-alhambrapalace.es
HOTEL ALHAURIN GOLF,info@alhauringolf.com
HOTEL ALIMARA,alimarahotel@cett.es
HOTEL ALISA,hotelalisa@yahoo.es
HOTEL ALIVA,fuentede@cantur.com
HOTEL ALJAMA,aljama.hotel@gmail.com
HOTEL ALKAZAR,hotelalkazar@hotmail.com
HOTEL ALLOTJAMENT ANTIGA,antiga@antiga.info
HOTEL ALMIRANTE,info@hotelalmirante.com
HOTEL ALMUD,correo@hotelalmud.com
HOTEL ALMUDAINA,almudaina@mallorcaonline.com
HOTEL ALOHA,info@hotelaloha.com
HOTEL ALONDRA,info@hotelalondra.com
HOTEL ALPEMAR,reservas@hotelalpemar.com
HOTEL ALTA MUNTANYA,info@alta-muntanya.com
HOTEL ALTAMIRA,info@hotelaltamira.com
HOTEL ALTAYA,reservas@hotelaltaya.com
HOTEL AMADEUS,hotelmozart@hotelmozart.net
HOTEL AMANECER,info@hotelamanecer.com
HOTEL AMARA PLAZA- S.A.,amaraplaza@hoteles-silken.com
HOTEL AMARAGUA,amaragua@mshoteles.com
HOTEL AMERICA,reservas@hotelamericagranada.com
HOTEL AMERICA,reservas@hotelamericabarcelona.com
HOTEL AMETLLA MAR,reservas@hotelametllamar.com
HOTEL AMFORA,dnavarro@bqhoteles.com
HOTEL AMFORA BEACH,mnegre@bqhoteles.com
HOTEL AMIC HORIZONTE- S.A.,reservas@amic-hotels.com
HOTEL AMISTER,info@hotelamister.com
HOTEL AMOLLS,info@amolls.com
HOTEL AMORETES,amoreteshotel@amoretes.com
HOTEL AMURA ALCOBENDAS,salones@amurahoteles.com
HOTEL ANACAPRI,reservas@hotelanacapri.com
HOTEL ANACO,info@anacohotel.com
HOTEL ANDALUCIA,hotelandalucia@hotmail.com
HOTEL ANDALUCIA PLAZA,h10.andalucia.plaza@h10.es
HOTEL ANDARAX,andarax@grupocitymar.com
HOTEL ANDIA,info@hotelandia.com
HOTEL ANDORRA III,andorra@telefonica.net
HOTEL ANDRIA,info@hotelandria.com
HOTEL ANFORA PLAYA,info@anforaplaya.com
