##
# @version		$Id: htaccess.txt 21101 2011-04-07 15:47:33Z dextercowley $
# @package		Joomla
# @copyright	Copyright (C) 2005 - 2011 Open Source Matters. All rights reserved.
# @license		GNU General Public License version 2 or later; see LICENSE.txt
##

##
# READ THIS COMPLETELY IF YOU CHOOSE TO USE THIS FILE!
#
# The line just below this section: 'Options +FollowSymLinks' may cause problems
# with some server configurations.  It is required for use of mod_rewrite, but may already
# be set by your server administrator in a way that dissallows changing it in
# your .htaccess file.  If using it causes your server to error out, comment it out (add # to
# beginning of line), reload your site in your browser and test your sef url's.  If they work,
# it has been set by your server administrator and you do not need it set here.
##



## Can be commented out if causes errors, see notes above.
#Options +FollowSymLinks

## Mod_rewrite in use.

RewriteEngine On

## Begin - Rewrite rules to block out some common exploits.
# If you experience problems on your site block out the operations listed below
# This attempts to block the most common type of exploit `attempts` to Joomla!
#
# Block out any script trying to base64_encode data within the URL.
RewriteCond %{QUERY_STRING} base64_encode[^(]*\([^)]*\) [OR]
# Block out any script that includes a <script> tag in URL.
RewriteCond %{QUERY_STRING} (<|%3C)([^s]*s)+cript.*(>|%3E) [NC,OR]
# Block out any script trying to set a PHP GLOBALS variable via URL.
RewriteCond %{QUERY_STRING} GLOBALS(=|\[|\%[0-9A-Z]{0,2}) [OR]
# Block out any script trying to modify a _REQUEST variable via URL.
RewriteCond %{QUERY_STRING} _REQUEST(=|\[|\%[0-9A-Z]{0,2})
# Return 403 Forbidden header and show the content of the root homepage
RewriteRule .* index.php [F]
#
## End - Rewrite rules to block out some common exploits.

## Begin - Custom redirects
#
# If you need to redirect some pages, or set a canonical non-www to
# www redirect (or vice versa), place that code here. Ensure those
# redirects use the correct RewriteRule syntax and the [R=301,L] flags.
#
## End - Custom redirects

##
# Uncomment following line if your webserver's URL
# is not directly related to physical file paths.
# Update Your Joomla! Directory (just / for root).
##

RewriteBase /

## Begin - Joomla! core SEF Section.
#
RewriteRule .* - [E=HTTP_AUTHORIZATION:%{HTTP:Authorization}]
#
# If the requested path and file is not /index.php and the request
# has not already been internally rewritten to the index.php script
RewriteCond %{REQUEST_URI} !^/index\.php
# and the request is for something within the component folder,
# or for the site root, or for an extensionless URL, or the
# requested URL ends with one of the listed extensions
RewriteCond %{REQUEST_URI} /component/|(/[^.]*|\.(php|html?|feed|pdf|vcf|raw))$ [NC]
# and the requested path and file doesn't directly match a physical file
RewriteCond %{REQUEST_FILENAME} !-f
# and the requested path and file doesn't directly match a physical folder
RewriteCond %{REQUEST_FILENAME} !-d
# internally rewrite the request to the index.php script
RewriteRule .* index.php [L]

RewriteCond %{QUERY_STRING} ^Id_Info=6$ [NC]
RewriteRule ^(.*)\VerInfo.asp$   http://www.cesae.es/mision [R=301,L]

RewriteCond %{QUERY_STRING} ^Id_Info=7$ [NC]
RewriteRule ^(.*)\VerInfo.asp$   http://www.cesae.es/instalaciones [R=301,L]


RewriteCond %{QUERY_STRING} ^ID_sec=112$ [NC]
RewriteRule ^(.*)\Sec_ProductoITEMS.asp$   http://www.cesae.es/masterdireccionygestionempresashoteleras [R=301,L]

RewriteCond %{QUERY_STRING} ^Id_Prod_Serv=246$ [NC]
RewriteRule ^(.*)\index.asp$   http://www.cesae.es/masterdireccionygestionempresashoteleras-objetivos [R=301,L]

RewriteCond %{QUERY_STRING} ^Id_Prod_Serv=247$ [NC]
RewriteRule ^(.*)\index.asp$   http://www.cesae.es/masterdireccionygestionempresashoteleras-aquienvadirigido [R=301,L]


RewriteCond %{QUERY_STRING} ^Id_Prod_Serv=248$ [NC]
RewriteRule ^(.*)\index.asp$   http://www.cesae.es/masterdireccionygestionempresashoteleras-metodo [R=301,L]


RewriteCond %{QUERY_STRING} ^Id_Prod_Serv=249$ [NC]
RewriteRule ^(.*)\index.asp$   http://www.cesae.es/masterdireccionygestionempresashoteleras-componentesonline [R=301,L]


RewriteCond %{QUERY_STRING} ^Id_Prod_Serv=250$ [NC]
RewriteRule ^(.*)\index.asp$   http://www.cesae.es/masterdireccionygestionempresashoteleras-profesorado [R=301,L]


RewriteCond %{QUERY_STRING} ^Id_Prod_Serv=251$ [NC]
RewriteRule ^(.*)\index.asp$   http://www.cesae.es/masterdireccionygestionempresashoteleras-programa [R=301,L]


RewriteCond %{QUERY_STRING} ^Id_Prod_Serv=252$ [NC]
RewriteRule ^(.*)\index.asp$   http://www.cesae.es/masterdireccionygestionempresashoteleras-networking [R=301,L]


RewriteCond %{QUERY_STRING} ^Id_Prod_Serv=265$ [NC]
RewriteRule ^(.*)\index.asp$   http://www.cesae.es/masterdireccionygestionempresashoteleras-partners [R=301,L]


RewriteCond %{QUERY_STRING} ^ID_sec=76$ [NC]
RewriteRule ^(.*)\Sec_ProductoITEMS.asp$   http://www.cesae.es/programadireccionygestionhotelera [R=301,L]


RewriteCond %{QUERY_STRING} ^Id_Prod_Serv=138$ [NC]
RewriteRule ^(.*)\index.asp$   http://www.cesae.es/programadireccionygestionhotelera-objetivos [R=301,L]


RewriteCond %{QUERY_STRING} ^Id_Prod_Serv=139$ [NC]
RewriteRule ^(.*)\index.asp$   http://www.cesae.es/programadireccionygestionhotelera-metodologia [R=301,L]


RewriteCond %{QUERY_STRING} ^Id_Prod_Serv=140$ [NC]
RewriteRule ^(.*)\index.asp$   http://www.cesae.es/programadireccionygestionhotelera-programa [R=301,L]


RewriteCond %{QUERY_STRING} ^ID_sec=99$ [NC]
RewriteRule ^(.*)\Sec_ProductoITEMS.asp$   http://www.cesae.es/programadireccionygestionrestauracion [R=301,L]


RewriteCond %{QUERY_STRING} ^Id_Prod_Serv=196$ [NC]
RewriteRule ^(.*)\index.asp$   http://www.cesae.es/programadireccionygestionrestauracion-objetivos [R=301,L]


RewriteCond %{QUERY_STRING} ^Id_Prod_Serv=197$ [NC]
RewriteRule ^(.*)\index.asp$   http://www.cesae.es/programadireccionygestionrestauracion-metodologia [R=301,L]


RewriteCond %{QUERY_STRING} ^Id_Prod_Serv=198$ [NC]
RewriteRule ^(.*)\index.asp$   http://www.cesae.es/programadireccionygestionrestauracion-programa [R=301,L]


RewriteCond %{QUERY_STRING} ^ID_sec=89$ [NC]
RewriteRule ^(.*)\Sec_ProductoITEMS.asp$   http://www.cesae.es/programadireccionygestionwellnessyspa [R=301,L]


RewriteCond %{QUERY_STRING} ^Id_Prod_Serv=169$ [NC]
RewriteRule ^(.*)\index.asp$   http://www.cesae.es/programadireccionygestionwellnessyspa-objetivos [R=301,L]


RewriteCond %{QUERY_STRING} ^Id_Prod_Serv=170$ [NC]
RewriteRule ^(.*)\index.asp$   http://www.cesae.es/programadireccionygestionwellnessyspa-metodologia [R=301,L]


RewriteCond %{QUERY_STRING} ^Id_Prod_Serv=171$ [NC]
RewriteRule ^(.*)\index.asp$   http://www.cesae.es/programadireccionygestionwellnessyspa-programa [R=301,L]


RewriteCond %{QUERY_STRING} ^ID_sec=110$ [NC]
RewriteRule ^(.*)\Sec_ProductoITEMS.asp$   http://www.cesae.es/ [R=301,L]


RewriteCond %{QUERY_STRING} ^Id_Prod_Serv=236$ [NC]
RewriteRule ^(.*)\index.asp$   http://www.cesae.es/ [R=301,L]


RewriteCond %{QUERY_STRING} ^Id_Prod_Serv=237$ [NC]
RewriteRule ^(.*)\index.asp$   http://www.cesae.es/ [R=301,L]


RewriteCond %{QUERY_STRING} ^Id_Prod_Serv=238$ [NC]
RewriteRule ^(.*)\index.asp$   http://www.cesae.es/ [R=301,L]


RewriteCond %{QUERY_STRING} ^ID_sec=88$ [NC]
RewriteRule ^(.*)\Sec_ProductoITEMS.asp$   http://www.cesae.es/gestionoperativainternadelhotel [R=301,L]


RewriteCond %{QUERY_STRING} ^Id_Prod_Serv=162$ [NC]
RewriteRule ^(.*)\index.asp$   http://www.cesae.es/gestionoperativainternadelhotel-objetivos [R=301,L]


RewriteCond %{QUERY_STRING} ^Id_Prod_Serv=163$ [NC]
RewriteRule ^(.*)\index.asp$   http://www.cesae.es/gestionoperativainternadelhotel-metodologia [R=301,L]


RewriteCond %{QUERY_STRING} ^Id_Prod_Serv=164$ [NC]
RewriteRule ^(.*)\index.asp$   http://www.cesae.es/gestionoperativainternadelhotel-programa [R=301,L]


RewriteCond %{QUERY_STRING} ^ID_sec=87$ [NC]
RewriteRule ^(.*)\Sec_ProductoITEMS.asp$   http://www.cesae.es/excelenciagestionhotelera [R=301,L]


RewriteCond %{QUERY_STRING} ^Id_Prod_Serv=159$ [NC]
RewriteRule ^(.*)\index.asp$   http://www.cesae.es/excelenciagestionhotelera-objetivos [R=301,L]


RewriteCond %{QUERY_STRING} ^Id_Prod_Serv=160$ [NC]
RewriteRule ^(.*)\index.asp$   http://www.cesae.es/excelenciagestionhotelera-metodologia [R=301,L]


RewriteCond %{QUERY_STRING} ^Id_Prod_Serv=161$ [NC]
RewriteRule ^(.*)\index.asp$   http://www.cesae.es/excelenciagestionhotelera-programa [R=301,L]


RewriteCond %{QUERY_STRING} ^ID_sec=85$ [NC]
RewriteRule ^(.*)\Sec_ProductoITEMS.asp$   http://www.cesae.es/comunicaciononlineygestion20hotelera [R=301,L]


RewriteCond %{QUERY_STRING} ^Id_Prod_Serv=156$ [NC]
RewriteRule ^(.*)\index.asp$   http://www.cesae.es/comunicaciononlineygestion20hotelera-objetivos [R=301,L]


RewriteCond %{QUERY_STRING} ^Id_Prod_Serv=157$ [NC]
RewriteRule ^(.*)\index.asp$   http://www.cesae.es/comunicaciononlineygestion20hotelera-metodologia [R=301,L]


RewriteCond %{QUERY_STRING} ^Id_Prod_Serv=158$ [NC]
RewriteRule ^(.*)\index.asp$   http://www.cesae.es/comunicaciononlineygestion20hotelera-programa [R=301,L]



RewriteCond %{QUERY_STRING} ^ID_sec=84$ [NC]
RewriteRule ^(.*)\Sec_ProductoITEMS.asp$   http://www.cesae.es/revenuemanagement [R=301,L]


RewriteCond %{QUERY_STRING} ^Id_Prod_Serv=153$ [NC]
RewriteRule ^(.*)\index.asp$   http://www.cesae.es/revenuemanagement-objetivos [R=301,L]


RewriteCond %{QUERY_STRING} ^Id_Prod_Serv=154$ [NC]
RewriteRule ^(.*)\index.asp$   http://www.cesae.es/revenuemanagement-metodologia [R=301,L]


RewriteCond %{QUERY_STRING} ^Id_Prod_Serv=155$ [NC]
RewriteRule ^(.*)\index.asp$   http://www.cesae.es/revenuemanagement-programa [R=301,L]


RewriteCond %{QUERY_STRING} ^ID_sec=83$ [NC]
RewriteRule ^(.*)\Sec_ProductoITEMS.asp$   http://www.cesae.es/gestionanalisisycontrolfinanciero [R=301,L]


RewriteCond %{QUERY_STRING} ^Id_Prod_Serv=150$ [NC]
RewriteRule ^(.*)\index.asp$   http://www.cesae.es/gestionanalisisycontrolfinanciero-objetivos [R=301,L]


RewriteCond %{QUERY_STRING} ^Id_Prod_Serv=151$ [NC]
RewriteRule ^(.*)\index.asp$   http://www.cesae.es/gestionanalisisycontrolfinanciero-metodologia [R=301,L]


RewriteCond %{QUERY_STRING} ^Id_Prod_Serv=152$ [NC]
RewriteRule ^(.*)\index.asp$   http://www.cesae.es/gestionanalisisycontrolfinanciero-programa [R=301,L]


RewriteCond %{QUERY_STRING} ^ID_sec=82$ [NC]
RewriteRule ^(.*)\Sec_ProductoITEMS.asp$   http://www.cesae.es/marketingyplanificacionestrategica [R=301,L]


RewriteCond %{QUERY_STRING} ^Id_Prod_Serv=148$ [NC]
RewriteRule ^(.*)\index.asp$   http://www.cesae.es/marketingyplanificacionestrategica-objetivos [R=301,L]



RewriteCond %{QUERY_STRING} ^Id_Prod_Serv=147$ [NC]
RewriteRule ^(.*)\index.asp$   http://www.cesae.es/marketingyplanificacionestrategica-metodologia [R=301,L]


RewriteCond %{QUERY_STRING} ^Id_Prod_Serv=149$ [NC]
RewriteRule ^(.*)\index.asp$   http://www.cesae.es/marketingyplanificacionestrategica-programa [R=301,L]


RewriteCond %{QUERY_STRING} ^ID_sec=86$ [NC]
RewriteRule ^(.*)\Sec_ProductoITEMS.asp$   http://www.cesae.es/direccionestrategicarecursoshumanos [R=301,L]


RewriteCond %{QUERY_STRING} ^Id_Prod_Serv=165$ [NC]
RewriteRule ^(.*)\index.asp$   http://www.cesae.es/direccionestrategicarecursoshumanos-objetivos [R=301,L]


RewriteCond %{QUERY_STRING} ^Id_Prod_Serv=166$ [NC]
RewriteRule ^(.*)\index.asp$   http://www.cesae.es/direccionestrategicarecursoshumanos-metodologia [R=301,L]


RewriteCond %{QUERY_STRING} ^Id_Prod_Serv=167$ [NC]
RewriteRule ^(.*)\index.asp$   http://www.cesae.es/direccionestrategicarecursoshumanos-programa [R=301,L]


RewriteCond %{QUERY_STRING} ^ID_sec=100$ [NC]
RewriteRule ^(.*)\Sec_ProductoITEMS.asp$   http://www.cesae.es/cursorevenuemanagementrestauracion [R=301,L]


RewriteCond %{QUERY_STRING} ^Id_Prod_Serv=202$ [NC]
RewriteRule ^(.*)\index.asp$   http://www.cesae.es/cursorevenuemanagementrestauracion-objetivos [R=301,L]


RewriteCond %{QUERY_STRING} ^Id_Prod_Serv=203$ [NC]
RewriteRule ^(.*)\index.asp$   http://www.cesae.es/cursorevenuemanagementrestauracion-metodologia [R=301,L]


RewriteCond %{QUERY_STRING} ^Id_Prod_Serv=204$ [NC]
RewriteRule ^(.*)\index.asp$   http://www.cesae.es/cursorevenuemanagementrestauracion-programa [R=301,L]


RewriteCond %{QUERY_STRING} ^ID_sec=101$ [NC]
RewriteRule ^(.*)\Sec_ProductoITEMS.asp$   http://www.cesae.es/excelenciaseguridadalimentariarestauracion [R=301,L]


RewriteCond %{QUERY_STRING} ^Id_Prod_Serv=205$ [NC]
RewriteRule ^(.*)\index.asp$   http://www.cesae.es/excelenciaseguridadalimentariarestauracion-objetivos [R=301,L]


RewriteCond %{QUERY_STRING} ^Id_Prod_Serv=206$ [NC]
RewriteRule ^(.*)\index.asp$   http://www.cesae.es/excelenciaseguridadalimentariarestauracion-metodologia [R=301,L]


RewriteCond %{QUERY_STRING} ^Id_Prod_Serv=207$ [NC]
RewriteRule ^(.*)\index.asp$   http://www.cesae.es/excelenciaseguridadalimentariarestauracion-programa [R=301,L]


RewriteCond %{QUERY_STRING} ^ID_sec=102$ [NC]
RewriteRule ^(.*)\Sec_ProductoITEMS.asp$   http://www.cesae.es/organizaciondireccionyplanificacionestablecimientoderestauracion [R=301,L]


RewriteCond %{QUERY_STRING} ^Id_Prod_Serv=208$ [NC]
RewriteRule ^(.*)\index.asp$   http://www.cesae.es/organizaciondireccionyplanificacionestablecimientoderestauracion-objetivos [R=301,L]


RewriteCond %{QUERY_STRING} ^Id_Prod_Serv=209$ [NC]
RewriteRule ^(.*)\index.asp$   http://www.cesae.es/organizaciondireccionyplanificacionestablecimientoderestauracion-metodologia [R=301,L]


RewriteCond %{QUERY_STRING} ^Id_Prod_Serv=210$ [NC]
RewriteRule ^(.*)\index.asp$   http://www.cesae.es/organizaciondireccionyplanificacionestablecimientoderestauracion-programa [R=301,L]


RewriteCond %{QUERY_STRING} ^ID_sec=103$ [NC]
RewriteRule ^(.*)\Sec_ProductoITEMS.asp$   http://www.cesae.es/idinuevastendenciasenrestauracion [R=301,L]


RewriteCond %{QUERY_STRING} ^Id_Prod_Serv=211$ [NC]
RewriteRule ^(.*)\index.asp$   http://www.cesae.es/idinuevastendenciasenrestauracion-objetivos [R=301,L]


RewriteCond %{QUERY_STRING} ^Id_Prod_Serv=212$ [NC]
RewriteRule ^(.*)\index.asp$   http://www.cesae.es/idinuevastendenciasenrestauracion-metodologia [R=301,L]


RewriteCond %{QUERY_STRING} ^Id_Prod_Serv=213$ [NC]
RewriteRule ^(.*)\index.asp$   http://www.cesae.es/idinuevastendenciasenrestauracion-programa [R=301,L]


RewriteCond %{QUERY_STRING} ^ID_sec=104$ [NC]
RewriteRule ^(.*)\Sec_ProductoITEMS.asp$   http://www.cesae.es/gestionoperativainternaestablecimientorestauracion [R=301,L]


RewriteCond %{QUERY_STRING} ^Id_Prod_Serv=214$ [NC]
RewriteRule ^(.*)\index.asp$   http://www.cesae.es/gestionoperativainternaestablecimientorestauracion-objetivos [R=301,L]


RewriteCond %{QUERY_STRING} ^Id_Prod_Serv=215$ [NC]
RewriteRule ^(.*)\index.asp$   http://www.cesae.es/gestionoperativainternaestablecimientorestauracion-metodologia [R=301,L]


RewriteCond %{QUERY_STRING} ^Id_Prod_Serv=216$ [NC]
RewriteRule ^(.*)\index.asp$   http://www.cesae.es/gestionoperativainternaestablecimientorestauracion-programa [R=301,L]


RewriteCond %{QUERY_STRING} ^ID_sec=90$ [NC]
RewriteRule ^(.*)\Sec_ProductoITEMS.asp$   http://www.cesae.es/aspectosclavegestionyorganizacioncentrowellnessyspa [R=301,L]


RewriteCond %{QUERY_STRING} ^Id_Prod_Serv=175$ [NC]
RewriteRule ^(.*)\index.asp$   http://www.cesae.es/aspectosclavegestionyorganizacioncentrowellnessyspa-objetivos [R=301,L]


RewriteCond %{QUERY_STRING} ^Id_Prod_Serv=174$ [NC]
RewriteRule ^(.*)\index.asp$   http://www.cesae.es/aspectosclavegestionyorganizacioncentrowellnessyspa-metodologia [R=301,L]


RewriteCond %{QUERY_STRING} ^Id_Prod_Serv=176$ [NC]
RewriteRule ^(.*)\index.asp$   http://www.cesae.es/aspectosclavegestionyorganizacioncentrowellnessyspa-programa [R=301,L]


RewriteCond %{QUERY_STRING} ^ID_sec=91$ [NC]
RewriteRule ^(.*)\Sec_ProductoITEMS.asp$   http://www.cesae.es/organizaciongestioninternaestablecimientowellnessyspa [R=301,L]


RewriteCond %{QUERY_STRING} ^Id_Prod_Serv=178$ [NC]
RewriteRule ^(.*)\index.asp$   http://www.cesae.es/organizaciongestioninternaestablecimientowellnessyspa-objetivos [R=301,L]


RewriteCond %{QUERY_STRING} ^Id_Prod_Serv=177$ [NC]
RewriteRule ^(.*)\index.asp$   http://www.cesae.es/organizaciongestioninternaestablecimientowellnessyspa-metodologia [R=301,L]


RewriteCond %{QUERY_STRING} ^Id_Prod_Serv=179$ [NC]
RewriteRule ^(.*)\index.asp$   http://www.cesae.es/organizaciongestioninternaestablecimientowellnessyspa-programa [R=301,L]


RewriteCond %{QUERY_STRING} ^ID_sec=93$ [NC]
RewriteRule ^(.*)\Sec_ProductoITEMS.asp$   http://www.cesae.es/bienestarpersonalactividadeswellnessyspa [R=301,L]


RewriteCond %{QUERY_STRING} ^Id_Prod_Serv=183$ [NC]
RewriteRule ^(.*)\index.asp$   http://www.cesae.es/bienestarpersonalactividadeswellnessyspa-objetivos [R=301,L]


RewriteCond %{QUERY_STRING} ^Id_Prod_Serv=184$ [NC]
RewriteRule ^(.*)\index.asp$   http://www.cesae.es/bienestarpersonalactividadeswellnessyspa-metodologia [R=301,L]


RewriteCond %{QUERY_STRING} ^Id_Prod_Serv=185$ [NC]
RewriteRule ^(.*)\index.asp$   http://www.cesae.es/bienestarpersonalactividadeswellnessyspa-programa [R=301,L]


RewriteCond %{QUERY_STRING} ^ID_sec=94$ [NC]
RewriteRule ^(.*)\Sec_ProductoITEMS.asp$   http://www.cesae.es/tendenciasyevolucionfuturamercadowellnessyspa [R=301,L]


RewriteCond %{QUERY_STRING} ^Id_Prod_Serv=186$ [NC]
RewriteRule ^(.*)\index.asp$   http://www.cesae.es/tendenciasyevolucionfuturamercadowellnessyspa-objetivos [R=301,L]


RewriteCond %{QUERY_STRING} ^Id_Prod_Serv=187$ [NC]
RewriteRule ^(.*)\index.asp$   http://www.cesae.es/tendenciasyevolucionfuturamercadowellnessyspa-metodologia [R=301,L]


RewriteCond %{QUERY_STRING} ^Id_Prod_Serv=188$ [NC]
RewriteRule ^(.*)\index.asp$   http://www.cesae.es/tendenciasyevolucionfuturamercadowellnessyspa-programa [R=301,L]


RewriteCond %{QUERY_STRING} ^ID_sec=92$ [NC]
RewriteRule ^(.*)\Sec_ProductoITEMS.asp$   http://www.cesae.es/optimizacioncomercialcentrowellnessyspafactoresexito [R=301,L]


RewriteCond %{QUERY_STRING} ^Id_Prod_Serv=180$ [NC]
RewriteRule ^(.*)\index.asp$   http://www.cesae.es/optimizacioncomercialcentrowellnessyspafactoresdeexito-objetivos [R=301,L]


RewriteCond %{QUERY_STRING} ^Id_Prod_Serv=181$ [NC]
RewriteRule ^(.*)\index.asp$   http://www.cesae.es/optimizacioncomercialcentrowellnessyspafactoresdeexito-metodologia [R=301,L]



RewriteCond %{QUERY_STRING} ^Id_Prod_Serv=182$ [NC]
RewriteRule ^(.*)\index.asp$   http://www.cesae.es/optimizacioncomercialcentrowellnessyspafactoresdeexito-programa [R=301,L]


RewriteCond %{QUERY_STRING} ^ID_sec=105$ [NC]
RewriteRule ^(.*)\Sec_ProductoITEMS.asp$   http://www.cesae.es/programamarketingyoptimizacioncomercial [R=301,L]


RewriteCond %{QUERY_STRING} ^Id_Prod_Serv=220$ [NC]
RewriteRule ^(.*)\index.asp$   http://www.cesae.es/programamarketingyoptimizacioncomercial-objetivos [R=301,L]


RewriteCond %{QUERY_STRING} ^Id_Prod_Serv=219$ [NC]
RewriteRule ^(.*)\index.asp$   http://www.cesae.es/programamarketingyoptimizacioncomercial-programa [R=301,L]


RewriteCond %{QUERY_STRING} ^ID_sec=106$ [NC]
RewriteRule ^(.*)\Sec_ProductoITEMS.asp$   http://www.cesae.es/programacontroldegestionempresarial [R=301,L]


RewriteCond %{QUERY_STRING} ^Id_Prod_Serv=221$ [NC]
RewriteRule ^(.*)\index.asp$   http://www.cesae.es/programacontroldegestionempresarial-objetivos [R=301,L]


RewriteCond %{QUERY_STRING} ^Id_Prod_Serv=222$ [NC]
RewriteRule ^(.*)\index.asp$   http://www.cesae.es/programacontroldegestionempresarial-programa [R=301,L]


RewriteCond %{QUERY_STRING} ^ID_sec=107$ [NC]
RewriteRule ^(.*)\Sec_ProductoITEMS.asp$   http://www.cesae.es/programadesarrollodirectivo [R=301,L]


RewriteCond %{QUERY_STRING} ^Id_Prod_Serv=227$ [NC]
RewriteRule ^(.*)\index.asp$   http://www.cesae.es/programadesarrollodirectivo-objetivos [R=301,L]


RewriteCond %{QUERY_STRING} ^Id_Prod_Serv=228$ [NC]
RewriteRule ^(.*)\index.asp$   http://www.cesae.es/programadesarrollodirectivo-programa [R=301,L]


RewriteCond %{QUERY_STRING} ^ID_sec=108$ [NC]
RewriteRule ^(.*)\Sec_ProductoITEMS.asp$   http://www.cesae.es/programadesarrollodireccionyliderazgo [R=301,L]


RewriteCond %{QUERY_STRING} ^Id_Prod_Serv=224$ [NC]
RewriteRule ^(.*)\index.asp$   http://www.cesae.es/programadesarrollodireccionyliderazgo-objetivos [R=301,L]


RewriteCond %{QUERY_STRING} ^Id_Prod_Serv=223$ [NC]
RewriteRule ^(.*)\index.asp$   http://www.cesae.es/programadesarrollodireccionyliderazgo-programa [R=301,L]


RewriteCond %{QUERY_STRING} ^ID_sec=109$ [NC]
RewriteRule ^(.*)\Sec_ProductoITEMS.asp$   http://www.cesae.es/programadireccionygestionfinanciera [R=301,L]


RewriteCond %{QUERY_STRING} ^Id_Prod_Serv=226$ [NC]
RewriteRule ^(.*)\index.asp$   http://www.cesae.es/programadireccionygestionfinanciera-objetivos [R=301,L]


RewriteCond %{QUERY_STRING} ^Id_Prod_Serv=225$ [NC]
RewriteRule ^(.*)\index.asp$   http://www.cesae.es/programadireccionygestionfinanciera-programa [R=301,L]


RewriteCond %{QUERY_STRING} ^ID_sec=111$ [NC]
RewriteRule ^(.*)\Sec_ProductoITEMS.asp$   http://www.cesae.es/programadireccionydesarrollorecursoshumanos [R=301,L]


RewriteCond %{QUERY_STRING} ^Id_Prod_Serv=243$ [NC]
RewriteRule ^(.*)\index.asp$   http://www.cesae.es/programadireccionydesarrollorecursoshumanos-objetivos [R=301,L]


RewriteCond %{QUERY_STRING} ^Id_Prod_Serv=245$ [NC]
RewriteRule ^(.*)\index.asp$   http://www.cesae.es/programadireccionydesarrollorecursoshumanos-programa [R=301,L]


RewriteCond %{QUERY_STRING} ^ID_sec=114$ [NC]
RewriteRule ^(.*)\Sec_ProductoITEMS.asp$   http://www.cesae.es/programagestiondenegociosonline [R=301,L]


RewriteCond %{QUERY_STRING} ^Id_Prod_Serv=266$ [NC]
RewriteRule ^(.*)\index.asp$   http://www.cesae.es/programagestiondenegociosonline-objetivos [R=301,L]


RewriteCond %{QUERY_STRING} ^Id_Prod_Serv=267$ [NC]
RewriteRule ^(.*)\index.asp$   http://www.cesae.es/programagestiondenegociosonline-programa [R=301,L]


RewriteCond %{QUERY_STRING} ^Id_Prod_Serv=264$ [NC]
RewriteRule ^(.*)\index.asp$   http://www.cesae.es/ [R=301,L]

RewriteCond %{QUERY_STRING} ^Id_Prod_Serv=144$ [NC]
RewriteRule ^(.*)\index.asp$   http://www.cesae.es/ [R=301,L]

RewriteCond %{QUERY_STRING} ^Id_Prod_Serv=172$ [NC]
RewriteRule ^(.*)\index.asp$   http://www.cesae.es/ [R=301,L]

RewriteCond %{QUERY_STRING} ^Id_Prod_Serv=199$ [NC]
RewriteRule ^(.*)\index.asp$   http://www.cesae.es/ [R=301,L]

RewriteCond %{QUERY_STRING} ^Id_Prod_Serv=244$ [NC]
RewriteRule ^(.*)\index.asp$   http://www.cesae.es/ [R=301,L]


RewriteCond %{QUERY_STRING} ^Id_sec=78$ [NC]
RewriteRule ^(.*)\Sec_ProductoITEMS.asp$   http://www.cesae.es/ [R=301,L]

RewriteCond %{QUERY_STRING} ^Id_sec=79$ [NC]
RewriteRule ^(.*)\Sec_ProductoITEMS.asp$   http://www.cesae.es/ [R=301,L]

RewriteCond %{QUERY_STRING} ^Id_sec=80$ [NC]
RewriteRule ^(.*)\Sec_ProductoITEMS.asp$   http://www.cesae.es/ [R=301,L]




RewriteRule ^(.*)\index.asp   http://www.cesae.es/ [R=301,L]




Redirect 301 /index.php/2-cesae-institucion/1-art-cesae-institucion http://www.cesae.es/institucion
Redirect 301 /index.php/2-cesae-institucion/2-art-cesae-business-tourist-school http://www.cesae.es/businesstouristschool
Redirect 301 /index.php/2-cesae-institucion/3-art-cesae-mision http://www.cesae.es/mision
Redirect 301 /index.php/2-cesae-institucion/4-relaciones-institucionales http://www.cesae.es/relacionesinstitucionales
Redirect 301 /index.php/2-cesae-institucion/5-desarrollo-corporativo  http://www.cesae.es/desarrollocorporativo
Redirect 301 /index.php/2-cesae-institucion/6-instalaciones  http://www.cesae.es/instalaciones
Redirect 301 /index.php/2-cesae-institucion/7-antiguos-alumnos  http://www.cesae.es/antiguosalumnos
Redirect 301 /index.php/2-cesae-institucion/8-bolsa-de-trabajo  http://www.cesae.es/bolsatrabajo
Redirect 301 /index.php/2-cesae-institucion/9-entidades-colaboradoras  http://www.cesae.es/entidadescolaboradoras
Redirect 301 /index.php/2-cesae-institucion/10-contacto  http://www.cesae.es/contacto
Redirect 301 /index.php/7-masters-y-programas-superiores/11-masters-y-programas-superiores  http://www.cesae.es/mastersyprogramassuperiores
Redirect 301 /index.php/12-master-en-direccion-y-gestion-de-empresas/12-master-en-direccion-y-gestion-de-empresas-hoteleras-mdgh  http://www.cesae.es/masterdireccionygestionempresashoteleras
Redirect 301 /index.php/12-master-en-direccion-y-gestion-de-empresas/37-objetivos  http://www.cesae.es/masterdireccionygestionempresashoteleras-objetivos
Redirect 301 /index.php/12-master-en-direccion-y-gestion-de-empresas/38-a-quien-va-dirigido  http://www.cesae.es/masterdireccionygestionempresashoteleras-aquienvadirigido
Redirect 301 /index.php/12-master-en-direccion-y-gestion-de-empresas/40-metodo  http://www.cesae.es/masterdireccionygestionempresashoteleras-metodo
Redirect 301 /index.php/12-master-en-direccion-y-gestion-de-empresas/41-componentes-online  http://www.cesae.es/masterdireccionygestionempresashoteleras-componentesonline
Redirect 301 /index.php/12-master-en-direccion-y-gestion-de-empresas/42-profesorado http://www.cesae.es/masterdireccionygestionempresashoteleras-profesorado
Redirect 301 /index.php/12-master-en-direccion-y-gestion-de-empresas/43-programa http://www.cesae.es/masterdireccionygestionempresashoteleras-programa
Redirect 301 /index.php/12-master-en-direccion-y-gestion-de-empresas/44-networking http://www.cesae.es/masterdireccionygestionempresashoteleras-networking
Redirect 301 /index.php/12-master-en-direccion-y-gestion-de-empresas/45-partners http://www.cesae.es/masterdireccionygestionempresashoteleras-partners
Redirect 301 /index.php/12-master-en-direccion-y-gestion-de-empresas/154-titulacion-obtenida http://www.cesae.es/masterdireccionygestionempresashoteleras-titulacion
Redirect 301 /index.php/13-programa-superior-en-direccion-y-gestion-hotelera-pdgh/13-programa-superior-en-direccion-y-gestion-hotelera-pdgh http://www.cesae.es/programadireccionygestionhotelera
Redirect 301 /index.php/13-programa-superior-en-direccion-y-gestion-hotelera-pdgh/53-objetivos http://www.cesae.es/programadireccionygestionhotelera-objetivos
Redirect 301 /index.php/13-programa-superior-en-direccion-y-gestion-hotelera-pdgh/58-metodologia http://www.cesae.es/programadireccionygestionhotelera-metodologia
Redirect 301 /index.php/13-programa-superior-en-direccion-y-gestion-hotelera-pdgh/59-programa http://www.cesae.es/programadireccionygestionhotelera-programa
Redirect 301 /index.php/14-programa-superior-en-direccion-y-gestion-en-restauracion-pdgr/15-programa-superior-en-direccion-y-gestion-en-restauracion-pdgr http://www.cesae.es/programadireccionygestionrestauracion
Redirect 301 /index.php/14-programa-superior-en-direccion-y-gestion-en-restauracion-pdgr/60-objetivos http://www.cesae.es/programadireccionygestionrestauracion-objetivos
Redirect 301 /index.php/14-programa-superior-en-direccion-y-gestion-en-restauracion-pdgr/61-metodologia http://www.cesae.es/programadireccionygestionrestauracion-metodologia
Redirect 301 /index.php/14-programa-superior-en-direccion-y-gestion-en-restauracion-pdgr/62-programa http://www.cesae.es/programadireccionygestionrestauracion-programa
Redirect 301 /index.php/15-programa-superior-en-direccion-y-gestion-wellness-a-spa-pdws/14-programa-superior-en-direccion-y-gestion-wellness-a-spa-pdws http://www.cesae.es/programadireccionygestionwellnessyspa
Redirect 301 /index.php/15-programa-superior-en-direccion-y-gestion-wellness-a-spa-pdws/63-objetivos http://www.cesae.es/programadireccionygestionwellnessyspa-objetivos
Redirect 301 /index.php/15-programa-superior-en-direccion-y-gestion-wellness-a-spa-pdws/65-metodologia http://www.cesae.es/programadireccionygestionwellnessyspa-metodologia
Redirect 301 /index.php/15-programa-superior-en-direccion-y-gestion-wellness-a-spa-pdws/66-programa http://www.cesae.es/programadireccionygestionwellnessyspa-programa
Redirect 301 /index.php/16-programa-superior-en-turismo-rural-pdtr/16-programa-superior-en-turismo-rural-pdtr http://www.cesae.es/
Redirect 301 /index.php/16-programa-superior-en-turismo-rural-pdtr/67-objetivos http://www.cesae.es/
Redirect 301 /index.php/16-programa-superior-en-turismo-rural-pdtr/68-metodologia http://www.cesae.es/
Redirect 301 /index.php/16-programa-superior-en-turismo-rural-pdtr/70-programa http://www.cesae.es/
Redirect 301 /index.php/8-executive-education/35-executive-education http://www.cesae.es/executiveeducation
Redirect 301 /index.php/8-executive-education/17-tecnicas-para-maximizar-la-comunicacion-30-en-hoteles http://www.cesae.es/cursocomunicacion30enhoteles
Redirect 301 /index.php/8-executive-education/18-practica-operativa-del-revenue-management http://www.cesae.es/practicaoperativarevenuemanagement
Redirect 301 /index.php/8-executive-education/19-marketing-hotelero-optimizando-social-media http://www.cesae.es/marketinghotelerosocialmedia
Redirect 301 /index.php/9-cursos/34-cursos http://www.cesae.es/cursohotel
Redirect 301 /index.php/17-area-tecnica-de-hoteleria/22-area-tecnica-de-hoteleria http://www.cesae.es/cursosdehoteleria
Redirect 301 /index.php/21-gestion-operativa-interna-del-hotel/46-gestion-operativa-interna-del-hotel http://www.cesae.es/gestionoperativainternadelhotel
Redirect 301 /index.php/21-gestion-operativa-interna-del-hotel/55-objetivos http://www.cesae.es/gestionoperativainternadelhotel-objetivos
Redirect 301 /index.php/21-gestion-operativa-interna-del-hotel/56-metodologia http://www.cesae.es/gestionoperativainternadelhotel-metodologia
Redirect 301 /index.php/21-gestion-operativa-interna-del-hotel/57-programa http://www.cesae.es/gestionoperativainternadelhotel-programa
Redirect 301 /index.php/22-la-excelencia-en-la-gestion-hotelera/47-excelencia-en-la-gestion-hotelera http://www.cesae.es/excelenciagestionhotelera
Redirect 301 /index.php/22-la-excelencia-en-la-gestion-hotelera/71-objetivos http://www.cesae.es/excelenciagestionhotelera-objetivos
Redirect 301 /index.php/22-la-excelencia-en-la-gestion-hotelera/72-metodologia http://www.cesae.es/excelenciagestionhotelera-metodologia
Redirect 301 /index.php/22-la-excelencia-en-la-gestion-hotelera/73-programa http://www.cesae.es/excelenciagestionhotelera-programa
Redirect 301 /index.php/23-comunicacion-online-y-gestion-20-hotelera/48-comunicacion-online-y-gestion-20-hotelera http://www.cesae.es/comunicaciononlineygestion20hotelera
Redirect 301 /index.php/23-comunicacion-online-y-gestion-20-hotelera/74-objetivos http://www.cesae.es/comunicaciononlineygestion20hotelera-objetivos
Redirect 301 /index.php/23-comunicacion-online-y-gestion-20-hotelera/75-metodologia http://www.cesae.es/comunicaciononlineygestion20hotelera-metodologia
Redirect 301 /index.php/23-comunicacion-online-y-gestion-20-hotelera/76-programa http://www.cesae.es/comunicaciononlineygestion20hotelera-programa
Redirect 301 /index.php/24-revenue-management/49-revenue-management http://www.cesae.es/revenuemanagement
Redirect 301 /index.php/24-revenue-management/77-objetivos http://www.cesae.es/revenuemanagement-objetivos
Redirect 301 /index.php/24-revenue-management/79-metodologia http://www.cesae.es/revenuemanagement-metodologia
Redirect 301 /index.php/24-revenue-management/80-programa http://www.cesae.es/revenuemanagement-programa
Redirect 301 /index.php/25-gestion-analisis-y-control-financiero/50-gestion-analisis-y-control-financiero http://www.cesae.es/gestionanalisisycontrolfinanciero
Redirect 301 /index.php/25-gestion-analisis-y-control-financiero/81-objetivos http://www.cesae.es/gestionanalisisycontrolfinanciero-objetivos
Redirect 301 /index.php/25-gestion-analisis-y-control-financiero/82-metologia http://www.cesae.es/gestionanalisisycontrolfinanciero-metodologia
Redirect 301 /index.php/25-gestion-analisis-y-control-financiero/83-programa http://www.cesae.es/gestionanalisisycontrolfinanciero-programa
Redirect 301 /index.php/26-marketing-y-planificacion-estrategica/51-marketing-y-planificacion-estrategica http://www.cesae.es/marketingyplanificacionestrategica
Redirect 301 /index.php/26-marketing-y-planificacion-estrategica/84-objetivos http://www.cesae.es/marketingyplanificacionestrategica-objetivos
Redirect 301 /index.php/26-marketing-y-planificacion-estrategica/85-metodologia http://www.cesae.es/marketingyplanificacionestrategica-metodologia
Redirect 301 /index.php/26-marketing-y-planificacion-estrategica/86-programa http://www.cesae.es/marketingyplanificacionestrategica-programa
Redirect 301 /index.php/27-direccion-estrategica-de-los-recursos-humanos/52-direccion-estrategica-de-los-recursos-humanos http://www.cesae.es/direccionestrategicarecursoshumanos
Redirect 301 /index.php/27-direccion-estrategica-de-los-recursos-humanos/87-objetivos http://www.cesae.es/direccionestrategicarecursoshumanos-objetivos
Redirect 301 /index.php/27-direccion-estrategica-de-los-recursos-humanos/88-metodologia http://www.cesae.es/direccionestrategicarecursoshumanos-metodologia
Redirect 301 /index.php/27-direccion-estrategica-de-los-recursos-humanos/89-programa http://www.cesae.es/direccionestrategicarecursoshumanos-programa
Redirect 301 /index.php/18-area-tecnica-de-restauracion/23-area-tecnica-de-restauracion http://www.cesae.es/cursosrestauracion
Redirect 301 /index.php/28-gestion-comercial-y-revenue-management-en-restauracion/91-gestion-comercial-y-revenue-management-en-restauracion http://www.cesae.es/cursorevenuemanagementrestauracion
Redirect 301 /index.php/28-gestion-comercial-y-revenue-management-en-restauracion/92-objetivos http://www.cesae.es/cursorevenuemanagementrestauracion-objetivos
Redirect 301 /index.php/28-gestion-comercial-y-revenue-management-en-restauracion/93-programa http://www.cesae.es/cursorevenuemanagementrestauracion-metodologia
Redirect 301 /index.php/28-gestion-comercial-y-revenue-management-en-restauracion/94-metodologia http://www.cesae.es/cursorevenuemanagementrestauracion-programa
Redirect 301 /index.php/29-excelencia-y-seguridad-alimentaria-en-restauracion/95-excelencia-y-seguridad-alimentaria-en-restauracion http://www.cesae.es/excelenciaseguridadalimentariarestauracion
Redirect 301 /index.php/29-excelencia-y-seguridad-alimentaria-en-restauracion/96-objetivos http://www.cesae.es/excelenciaseguridadalimentariarestauracion-objetivos
Redirect 301 /index.php/29-excelencia-y-seguridad-alimentaria-en-restauracion/97-metodologia http://www.cesae.es/excelenciaseguridadalimentariarestauracion-metodologia
Redirect 301 /index.php/29-excelencia-y-seguridad-alimentaria-en-restauracion/98-programa http://www.cesae.es/excelenciaseguridadalimentariarestauracion-programa
Redirect 301 /index.php/30-organizacion-direccion-y-planificacion-del-establecimiento-de-restauracion/99-organizacion-direccion-y-planificacion-del-establecimiento-de-restauracion http://www.cesae.es/organizaciondireccionyplanificacionestablecimientoderestauracion
Redirect 301 /index.php/30-organizacion-direccion-y-planificacion-del-establecimiento-de-restauracion/100-objetivos http://www.cesae.es/organizaciondireccionyplanificacionestablecimientoderestauracion-objetivos
Redirect 301 /index.php/30-organizacion-direccion-y-planificacion-del-establecimiento-de-restauracion/101-metodologia http://www.cesae.es/organizaciondireccionyplanificacionestablecimientoderestauracion-metodologia
Redirect 301 /index.php/30-organizacion-direccion-y-planificacion-del-establecimiento-de-restauracion/102-programa http://www.cesae.es/organizaciondireccionyplanificacionestablecimientoderestauracion-programa
Redirect 301 /index.php/31-idi-nuevas-tendencias-en-restauracion/103-idi-nuevas-tendencias-en-restauracion http://www.cesae.es/idinuevastendenciasenrestauracion
Redirect 301 /index.php/31-idi-nuevas-tendencias-en-restauracion/104-objetivos http://www.cesae.es/idinuevastendenciasenrestauracion-objetivos
Redirect 301 /index.php/31-idi-nuevas-tendencias-en-restauracion/105-metodologia http://www.cesae.es/idinuevastendenciasenrestauracion-metodologia
Redirect 301 /index.php/31-idi-nuevas-tendencias-en-restauracion/106-programa http://www.cesae.es/idinuevastendenciasenrestauracion-programa
Redirect 301 /index.php/32-gestion-operativa-interna-del-establecimiento-de-restauracion/107-gestion-operativa-interna-del-establecimiento-de-restauracion http://www.cesae.es/gestionoperativainternaestablecimientorestauracion
Redirect 301 /index.php/32-gestion-operativa-interna-del-establecimiento-de-restauracion/108-objetivos http://www.cesae.es/gestionoperativainternaestablecimientorestauracion-objetivos
Redirect 301 /index.php/32-gestion-operativa-interna-del-establecimiento-de-restauracion/109-metodologia http://www.cesae.es/gestionoperativainternaestablecimientorestauracion-metodologia
Redirect 301 /index.php/32-gestion-operativa-interna-del-establecimiento-de-restauracion/110-programa http://www.cesae.es/gestionoperativainternaestablecimientorestauracion-programa
Redirect 301 /index.php/19-area-tecnica-de-spa-a-wellness/24-area-tecnica-de-spa-a-wellness http://www.cesae.es/cursoswellnesyspa
Redirect 301 /index.php/33-aspectos-clave-gestion-y-organizacion-centro-wellness-a-spa/111-aspectos-clave-gestion-y-organizacion-centro-wellness-a-spa http://www.cesae.es/aspectosclavegestionyorganizacioncentrowellnessyspa
Redirect 301 /index.php/33-aspectos-clave-gestion-y-organizacion-centro-wellness-a-spa/112-objetivos http://www.cesae.es/aspectosclavegestionyorganizacioncentrowellnessyspa-objetivos
Redirect 301 /index.php/33-aspectos-clave-gestion-y-organizacion-centro-wellness-a-spa/113-metodologia http://www.cesae.es/aspectosclavegestionyorganizacioncentrowellnessyspa-metodologia
Redirect 301 /index.php/33-aspectos-clave-gestion-y-organizacion-centro-wellness-a-spa/114-programa http://www.cesae.es/aspectosclavegestionyorganizacioncentrowellnessyspa-programa
Redirect 301 /index.php/34-organizacion-gestion-interna-de-un-establecimiento-de-wellness-a-spa/115-organizacion-gestion-interna-de-un-establecimiento-de-wellness-a-spa http://www.cesae.es/organizaciongestioninternaestablecimientowellnessyspa
Redirect 301 /index.php/34-organizacion-gestion-interna-de-un-establecimiento-de-wellness-a-spa/116-objetivos http://www.cesae.es/organizaciongestioninternaestablecimientowellnessyspa-objetivos
Redirect 301 /index.php/34-organizacion-gestion-interna-de-un-establecimiento-de-wellness-a-spa/117-metodologia http://www.cesae.es/organizaciongestioninternaestablecimientowellnessyspa-metodologia
Redirect 301 /index.php/34-organizacion-gestion-interna-de-un-establecimiento-de-wellness-a-spa/118-programa http://www.cesae.es/organizaciongestioninternaestablecimientowellnessyspa-programa
Redirect 301 /index.php/36-bienestar-personal-actividades-de-wellness-a-spa/144-bienestar-personal-actividades-de-wellness-a-spa http://www.cesae.es/bienestarpersonalactividadeswellnessyspa
Redirect 301 /index.php/36-bienestar-personal-actividades-de-wellness-a-spa/145-objetivos http://www.cesae.es/bienestarpersonalactividadeswellnessyspa-objetivos
Redirect 301 /index.php/36-bienestar-personal-actividades-de-wellness-a-spa/146-metodologia http://www.cesae.es/bienestarpersonalactividadeswellnessyspa-metodologia
Redirect 301 /index.php/36-bienestar-personal-actividades-de-wellness-a-spa/147-programa http://www.cesae.es/bienestarpersonalactividadeswellnessyspa-programa
Redirect 301 /index.php/37-tendencias-y-evolucion-futura-del-mercado-wellness-a-spa/148-tendencias-y-evolucion-futura-del-mercado-wellness-a-spa http://www.cesae.es/tendenciasyevolucionfuturamercadowellnessyspa
Redirect 301 /index.php/37-tendencias-y-evolucion-futura-del-mercado-wellness-a-spa/149-objetivos http://www.cesae.es/tendenciasyevolucionfuturamercadowellnessyspa-objetivos
Redirect 301 /index.php/37-tendencias-y-evolucion-futura-del-mercado-wellness-a-spa/150-metodologia http://www.cesae.es/tendenciasyevolucionfuturamercadowellnessyspa-metodologia
Redirect 301 /index.php/37-tendencias-y-evolucion-futura-del-mercado-wellness-a-spa/151-programa http://www.cesae.es/tendenciasyevolucionfuturamercadowellnessyspa-programa
Redirect 301 /index.php/45-la-optimizacion-comercial-centro-wellness-a-spa/119-la-optimizacion-comercial-centro-wellness-a-spa-factores-de-exito http://www.cesae.es/optimizacioncomercialcentrowellnessyspafactoresexito
Redirect 301 /index.php/45-la-optimizacion-comercial-centro-wellness-a-spa/120-objetivos http://www.cesae.es/optimizacioncomercialcentrowellnessyspafactoresdeexito-objetivos
Redirect 301 /index.php/45-la-optimizacion-comercial-centro-wellness-a-spa/121-metodologia http://www.cesae.es/optimizacioncomercialcentrowellnessyspafactoresdeexito-metodologia
Redirect 301 /index.php/45-la-optimizacion-comercial-centro-wellness-a-spa/122-programa http://www.cesae.es/optimizacioncomercialcentrowellnessyspafactoresdeexito-programa
Redirect 301 /index.php/20-programas-gestion-empresarial/25-programa-gestion-empresarial http://www.cesae.es/programasgestionempresarial
Redirect 301 /index.php/38-programa-marketing-y-optimizacion-comercial-pmoc/123-programa-marketing-y-optimizacion-comercial-pmoc http://www.cesae.es/programamarketingyoptimizacioncomercial
Redirect 301 /index.php/38-programa-marketing-y-optimizacion-comercial-pmoc/124-objetivos http://www.cesae.es/programamarketingyoptimizacioncomercial-objetivos
Redirect 301 /index.php/38-programa-marketing-y-optimizacion-comercial-pmoc/125-programa http://www.cesae.es/programamarketingyoptimizacioncomercial-programa
Redirect 301 /index.php/39-programa-de-control-de-gestion-empresarial-pcge/126-programa-de-control-de-gestion-empresarial-pcge http://www.cesae.es/programacontroldegestionempresarial
Redirect 301 /index.php/39-programa-de-control-de-gestion-empresarial-pcge/127-objetivos http://www.cesae.es/programacontroldegestionempresarial-objetivos
Redirect 301 /index.php/39-programa-de-control-de-gestion-empresarial-pcge/128-programa http://www.cesae.es/programacontroldegestionempresarial-programa
Redirect 301 /index.php/40-programa-de-desarrollo-directivo-pdd/129-programa-de-desarrollo-directivo-pdd http://www.cesae.es/programadesarrollodirectivo
Redirect 301 /index.php/40-programa-de-desarrollo-directivo-pdd/130-objetivos http://www.cesae.es/programadesarrollodirectivo-objetivos
Redirect 301 /index.php/40-programa-de-desarrollo-directivo-pdd/131-programa http://www.cesae.es/programadesarrollodirectivo-programa
Redirect 301 /index.php/41-programa-de-desarrollo-en-direccion-y-liderazgo-pddl/132-programa-de-desarrollo-en-direccion-y-liderazgo-pddl http://www.cesae.es/programadesarrollodireccionyliderazgo
Redirect 301 /index.php/41-programa-de-desarrollo-en-direccion-y-liderazgo-pddl/133-objetivos http://www.cesae.es/programadesarrollodireccionyliderazgo-objetivos
Redirect 301 /index.php/41-programa-de-desarrollo-en-direccion-y-liderazgo-pddl/134-programa http://www.cesae.es/programadesarrollodireccionyliderazgo-programa
Redirect 301 /index.php/42-programa-de-direccion-y-gestion-financiera-pdgf/135-programa-de-direccion-y-gestion-financiera-pdgf http://www.cesae.es/programadireccionygestionfinanciera
Redirect 301 /index.php/42-programa-de-direccion-y-gestion-financiera-pdgf/136-objetivos http://www.cesae.es/programadireccionygestionfinanciera-objetivos
Redirect 301 /index.php/42-programa-de-direccion-y-gestion-financiera-pdgf/137-programa http://www.cesae.es/programadireccionygestionfinanciera-programa
Redirect 301 /index.php/43-programa-en-direccion-y-desarrollo-de-recursos-humanos-pddrh/138-programa-en-direccion-y-desarrollo-de-recursos-humanos-pddrh http://www.cesae.es/programadireccionydesarrollorecursoshumanos
Redirect 301 /index.php/43-programa-en-direccion-y-desarrollo-de-recursos-humanos-pddrh/139-objetivos http://www.cesae.es/programadireccionydesarrollorecursoshumanos-objetivos
Redirect 301 /index.php/43-programa-en-direccion-y-desarrollo-de-recursos-humanos-pddrh/140-programa http://www.cesae.es/programadireccionydesarrollorecursoshumanos-programa
Redirect 301 /index.php/44-programa-en-gestion-de-negocios-online-pgno/141-programa-en-gestion-de-negocios-online-pgno http://www.cesae.es/programagestiondenegociosonline
Redirect 301 /index.php/44-programa-en-gestion-de-negocios-online-pgno/142-objetivos http://www.cesae.es/programagestiondenegociosonline-objetivos
Redirect 301 /index.php/44-programa-en-gestion-de-negocios-online-pgno/143-programa http://www.cesae.es/programagestiondenegociosonline-programa
Redirect 301 /index.php/10-media-campus/36-media-campus http://www.cesae.es/mediacampus
Redirect 301 /index.php/10-media-campus/26-experiencia-cesae http://www.cesae.es/experienciacesae
Redirect 301 /index.php/10-media-campus/27-plataforma-de-elearning http://www.cesae.es/plataformaelearning
Redirect 301 /index.php/10-media-campus/28-audiovisual-cesae-tv http://www.cesae.es/audiovisual
Redirect 301 /index.php/10-media-campus/30-redes-sociales http://www.cesae.es/redessociales
Redirect 301 /index.php/10-media-campus/31-blog http://www.cesae.es/blog


#
## End - Joomla! core SEF Section.